,uid,site_x,date_er,am_date,year,date,zone,easting,northing,lattitude,longitude,datum,factor,count,height_o,height_g,Discription,issues,cent_sp01,cent_l_sp01,cent_d_sp01,cent_sp02,cent_l_sp02,cent_d_sp02,cent_sp03,cent_l_sp03,cent_d_sp03,cent_sp04,cent_l_sp04,cent_d_sp04,cent_sp05,cent_l_sp05,cent_d_sp05,cent_sp06,cent_l_sp06,cent_d_sp06,cent_sp07,cent_l_sp07,cent_d_sp07,cent_sp08,cent_l_sp08,cent_d_sp08,cent_sp09,cent_l_sp09,cent_d_sp09,cent_sp10,cent_l_sp10,cent_d_sp10,cent_sp11,cent_l_sp11,cent_d_sp11,north_sp01,north_l_sp01,north_d_sp01,north_sp02,north_l_sp02,north_d_sp02,north_sp03,north_l_sp03,north_d_sp03,north_sp04,north_l_sp04,north_d_sp04,north_sp05,north_l_sp05,north_d_sp05,north_sp06,north_l_sp06,north_d_sp06,north_sp07,north_l_sp07,north_d_sp07,north_sp08,north_l_sp08,north_d_sp08,north_sp09,north_l_sp09,north_d_sp09,north_sp10,north_l_sp10,north_d_sp10,north_sp11,north_l_sp11,north_d_sp11,south_sp01,south_l_sp01,south_d_sp01,south_sp02,south_l_sp02,south_d_sp02,south_sp03,south_l_sp03,south_d_sp03,south_sp04,south_l_sp04,south_d_sp04,south_sp05,south_l_sp05,south_d_sp05,south_sp06,south_l_sp06,south_d_sp06,south_sp07,south_l_sp07,south_d_sp07,south_sp08,south_l_sp08,south_d_sp08,south_sp09,south_l_sp09,south_d_sp09,south_sp10,south_l_sp10,south_d_sp10,south_sp11,south_l_sp11,south_d_sp11,sw_sp01,sw_l_sp01,sw_d_sp01,sw_sp02,sw_l_sp02,sw_d_sp02,sw_sp03,sw_l_sp03,sw_d_sp03,sw_sp04,sw_l_sp04,sw_d_sp04,sw_sp05,sw_l_sp05,sw_d_sp05,sw_sp06,sw_l_sp06,sw_d_sp06,sw_sp07,sw_l_sp07,sw_d_sp07,sw_sp08,sw_l_sp08,sw_d_sp08,sw_sp09,sw_l_sp09,sw_d_sp09,sw_sp10,sw_l_sp10,sw_d_sp10,sw_sp11,sw_l_sp11,sw_d_sp11,ne_sp01,ne_l_sp01,ne_d_sp01,ne_sp02,ne_l_sp02,ne_d_sp02,ne_sp03,ne_l_sp03,ne_d_sp03,ne_sp04,ne_l_sp04,ne_d_sp04,ne_sp05,ne_l_sp05,ne_d_sp05,ne_sp06,ne_l_sp06,ne_d_sp06,ne_sp07,ne_l_sp07,ne_d_sp07,ne_sp08,ne_l_sp08,ne_d_sp08,ne_sp09,ne_l_sp09,ne_d_sp09,ne_sp10,ne_l_sp10,ne_d_sp10,ne_sp11,ne_l_sp11,ne_d_sp11,se_sp01,se_l_sp01,se_d_sp01,se_sp02,se_l_sp02,se_d_sp02,se_sp03,se_l_sp03,se_d_sp03,se_sp04,se_l_sp04,se_d_sp04,se_sp05,se_l_sp05,se_d_sp05,se_sp06,se_l_sp06,se_d_sp06,se_sp07,se_l_sp07,se_d_sp07,se_sp08,se_l_sp08,se_d_sp08,se_sp09,se_l_sp09,se_d_sp09,se_sp10,se_l_sp10,se_d_sp10,se_sp11,se_l_sp11,se_d_sp11,nw_sp01,nw_l_sp01,nw_d_sp01,nw_sp02,nw_l_sp02,nw_d_sp02,nw_sp03,nw_l_sp03,nw_d_sp03,nw_sp04,nw_l_sp04,nw_d_sp04,nw_sp05,nw_l_sp05,nw_d_sp05,nw_sp06,nw_l_sp06,nw_d_sp06,nw_sp07,nw_l_sp07,nw_d_sp07,nw_sp08,nw_l_sp08,nw_d_sp08,nw_sp09,nw_l_sp09,nw_d_sp09,nw_sp10,nw_l_sp10,nw_d_sp10,nw_sp11,nw_l_sp11,nw_d_sp11,siteyear,site_y,b1_h99a2_min,b1_h99a2_max,b1_h99a2_mean,b1_h99a2_med,b1_h99a2_std,b1_h99a2_p25,b1_h99a2_p50,b1_h99a2_p75,b1_h99a2_p95,b1_h99a2_p99
0,1,lit01,26/04/2013,20130426,2013,2013-04-26,52.0,724039.0,8611982.0,,,GDA94,0.5,7.0,,,,,E. tetrodonta,15.0,0.0,E. chlorostachys,3.0,0.0,P. spiralis,2.0,0.0,C. armstrongii,1.0,0.0,Buchorvet,3.0,0.0,,,,,,,,,,,,,,,,,,,E. tetrodonta,10.0,0.0,E. miniata,1.0,0.0,L. humilis,3.0,0.0,E. chlorostachys,2.0,0.0,P. spiralis,2.0,0.0,P. careya,2.0,0.0,Buchorvet,2.0,0.0,Corymbia sp.,1.0,0.0,,,,,,,,,,E. tetrodonta,11.0,0.0,E. miniata,7.0,0.0,E. chlorostachys,8.0,0.0,P. spiralis,7.0,0.0,P. careya,2.0,0.0,Buchorvet,1.0,0.0,P. pubescens,1.0,0.0,,,,,,,,,,,,,E. tetrodonta,8.0,0.0,E. miniata,6.0,0.0,E. chlorostachys,10.0,0.0,Buchorvet,1.0,0.0,P. careya,1.0,0.0,P. spiralis,9.0,2.0,C. armstrongii,1.0,0.0,F. achleata,2.0,0.0,C. fraseri,2.0,0.0,,,,,,,E. tetrodonta,15.0,2.0,E. chlorostachys,14.0,2.0,Buchorvet,4.0,0.0,P. spiralis,7.0,0.0,L. humilis,2.0,0.0,,,,,,,,,,,,,,,,,,,E. tetrodonta,14.0,2.0,P. spiralis,15.0,1.0,Syzygium suborbiculare,8.0,0.0,P. careya,1.0,0.0,,,,,,,,,,,,,,,,,,,,,,E. tetrodonta,25.0,0.0,E. miniata,4.0,0.0,P. spiralis,6.0,1.0,E. chlorostachys,1.0,0.0,F. achleata,1.0,0.0,C. armstrongii,1.0,0.0,,,,,,,,,,,,,,,,lit01.2013_1ha,lit01.2013_1ha,19.33404541015625,22.374969482421875,21.199948787689213,21.151870727539066,0.7664245510667823,20.71476554870605,21.151870727539066,21.752498626708984,22.33219146728516,22.366413879394532
0,3,buff01,13/07/2012,20210713,2021,2021-07-13,52.0,706454.0,8635540.0,,,WGS84,0.25,7.0,12.0,0.6,Eucalypt woodland over red gravely earths,,E. tetrodonta,18.0,1.0,Gardenia sp.,2.0,0.0,L. humilis,1.0,0.0,Strychnos lucida,1.0,0.0,Antidesma sp.,2.0,0.0,,,,,,,,,,,,,,,,,,,E. tetrodonta,9.0,1.0,Gardenia sp.,4.0,0.0,L. humilis,1.0,0.0,Strychnos lucida,1.0,0.0,Antidesma sp.,1.0,0.0,,,,,,,,,,,,,,,,,,,E. tetrodonta,19.0,1.0,Gardenia sp.,1.0,0.0,Antidesma sp.,1.0,0.0,Buchanania obovata,2.0,0.0,Terminalia sp.,2.0,4.0,P. careya,1.0,0.0,,,,,,,,,,,,,,,,E. tetrodonta,18.0,3.0,L. humilis,1.0,0.0,Buchanania obovata,2.0,0.0,Terminalia sp.,1.0,0.0,,,,,,,,,,,,,,,,,,,,,,E. tetrodonta,27.0,1.0,Exocarpos latifolius,1.0,0.0,Buchanania obovata,1.0,0.0,E. chlorostachys,0.0,1.0,,,,,,,,,,,,,,,,,,,,,,E. tetrodonta,19.0,1.0,Gardenia sp.,2.0,0.0,Antidesma sp.,1.0,0.0,Buchanania obovata,1.0,0.0,Terminalia sp.,2.0,0.0,,,,,,,,,,,,,,,,,,,E. tetrodonta,15.0,0.0,Gardenia sp.,2.0,0.0,Antidesma sp.,2.0,0.0,Exocarpos latifolius,4.0,0.0,,,,,,,,,,,,,,,,,,,,,,buff01.2021_1ha,buff01.2021_1ha,7.6992034912109375,16.677726745605472,13.355313873291012,13.949932098388672,2.3272361079980626,12.682435989379885,13.949932098388672,14.942447662353516,15.664191436767581,16.475019683837886
0,4,ep01,13/07/2012,20120713,2012,2012-07-13,52.0,698028.0,8627310.0,,,WGS84,0.5,7.0,,,,,Camoty,30.0,1.0,Mid layer vine,5.0,2.0,,,,,,,,,,,,,,,,,,,,,,,,,,,,Camoty,25.0,1.0,Mid layer vine,4.0,2.0,,,,,,,,,,,,,,,,,,,,,,,,,,,,Camoty,25.0,1.0,Mid layer vine,3.0,3.0,,,,,,,,,,,,,,,,,,,,,,,,,,,,Camoty,18.0,0.0,Mid layer vine,7.0,2.0,,,,,,,,,,,,,,,,,,,,,,,,,,,,Camoty,16.0,0.0,Mid layer vine,6.0,2.0,,,,,,,,,,,,,,,,,,,,,,,,,,,,Camoty,23.0,0.0,Mid layer vine,5.0,0.0,,,,,,,,,,,,,,,,,,,,,,,,,,,,Camoty,17.0,3.0,Mid layer vine,1.0,1.0,,,,,,,,,,,,,,,,,,,,,,,,,,,,ep01.2012_1ha,ep01.2012_1ha,9.47137451171875,20.989959716796875,14.057662010192873,13.934551239013672,3.1454833489206573,11.531450271606445,13.934551239013672,15.964017868041992,19.01543617248535,20.59505500793456
0,5,girra01,2012-05-06 00:00:00,20120605,2012,2012-06-05,52.0,725819.0,8615707.0,,,WGS84,0.5,6.0,,,,,E. tetrodonta,1.0,0.0,E. miniata,9.0,0.0,E. chlorostachys,2.0,0.0,Terminalia ferdinandiana,5.0,0.0,Lophostemon lactifluus,3.0,0.0,Corymbia polysciada,1.0,0.0,,,,,,,,,,,,,,,,E. tetrodonta,5.0,0.0,E. miniata,8.0,0.0,E. chlorostachys,3.0,0.0,Terminalia ferdinandiana,6.0,0.0,dead,0.0,1.0,,,,,,,,,,,,,,,,,,,E. tetrodonta,4.0,0.0,E. miniata,10.0,0.0,E. chlorostachys,3.0,0.0,Terminalia ferdinandiana,4.0,0.0,Corymbia porrecta,2.0,0.0,dead,0.0,1.0,P. careya,1.0,0.0,C. armstrongii,1.0,0.0,,,,,,,,,,E. tetrodonta,3.0,0.0,E. miniata,9.0,0.0,E. chlorostachys,3.0,0.0,Terminalia ferdinandiana,2.0,0.0,Corymbia porrecta,3.0,0.0,dead,0.0,1.0,C. armstrongii,1.0,0.0,Buchanania obovata,1.0,0.0,,,,,,,,,,E. tetrodonta,18.0,0.0,E. miniata,8.0,0.0,E. chlorostachys,3.0,0.0,Terminalia ferdinandiana,4.0,0.0,Corymbia porrecta,1.0,0.0,dead,0.0,2.0,C. armstrongii,2.0,0.0,Gardenia megasperma,1.0,0.0,,,,,,,,,,E. tetrodonta,7.0,0.0,E. miniata,13.0,0.0,E. chlorostachys,4.0,0.0,Terminalia ferdinandiana,3.0,0.0,Corymbia porrecta,1.0,0.0,dead,0.0,2.0,,,,,,,,,,,,,,,,,,,,,,,,,,,,,,,,,,,,,,,,,,,,,,,,,girra01.2012_1ha,girra01.2012_1ha,6.960853576660156,20.04534912109375,11.069447166041329,10.104171752929688,2.7516567768021822,9.65625,10.104171752929688,12.293830871582033,14.257669067382809,18.887813110351573
0,6,girra02,2012-05-06 00:00:00,20120605,2012,2012-06-05,52.0,731679.0,8614633.0,,,GDA94,0.1,7.0,,,,,Melaleuca nervoa,23.0,0.0,Lophostemon lactifluus,1.0,0.0,P. spiralis,2.0,0.0,Eucalyptus alba,1.0,0.0,,,,,,,,,,,,,,,,,,,,,,Melaleuca nervoa,20.0,5.0,P. spiralis,1.0,1.0,Eucalyptus alba,2.0,0.0,,,,,,,,,,,,,,,,,,,,,,,,,Melaleuca nervoa,3.0,8.0,Lophostemon lactifluus,4.0,2.0,P. spiralis,2.0,0.0,Eucalyptus alba,4.0,0.0,,,,,,,,,,,,,,,,,,,,,,Melaleuca nervoa,22.0,0.0,P. spiralis,2.0,0.0,Eucalyptus alba,1.0,0.0,,,,,,,,,,,,,,,,,,,,,,,,,Melaleuca nervoa,4.0,2.0,Lophostemon lactifluus,4.0,1.0,P. spiralis,8.0,0.0,Melaleuca nervoa,3.0,,,,,,,,,,,,,,,,,,,,,,,Melaleuca nervoa,10.0,4.0,P. spiralis,2.0,0.0,Eucalyptus alba,3.0,0.0,,,,,,,,,,,,,,,,,,,,,,,,,Melaleuca nervoa,8.0,0.0,Lophostemon lactifluus,11.0,0.0,P. spiralis,2.0,1.0,Eucalyptus alba,2.0,0.0,,,,,,,,,,,,,,,,,,,,,,girra02.2012_1ha,girra02.2012_1ha,7.600234985351562,13.861160278320312,10.051834106445312,9.446247100830078,1.9133721506516508,8.746868133544924,9.446247100830078,11.490377426147461,13.115363311767581,13.712000885009758
0,7,hshr01,2012-06-06 00:00:00,20120606,2012,2012-06-06,52.0,724169.0,8626515.0,,,WGS84,1.0,7.0,15.0,0.5,,,Acacia auriculiformis,5.0,0.0,Lophostemon lactifluus,10.0,0.0,Syzygium suborbiculare,1.0,0.0,Canarium australianum,1.0,0.0,P. careya,6.0,0.0,E. chlorostachys,4.0,0.0,C. armstrongii,1.0,0.0,Mallotus nesophilus,1.0,0.0,,,,,,,,,,Acacia auriculiformis,6.0,3.0,Lophostemon lactifluus,6.0,3.0,Syzygium suborbiculare,1.0,0.0,Canarium australianum,2.0,0.0,P. careya,3.0,0.0,Bridelia tomentosa,2.0,0.0,Alphitonia incana,2.0,0.0,E. chlorostachys,1.0,0.0,dead,0.0,1.0,,,,,,,Acacia auriculiformis,9.0,3.0,Lophostemon lactifluus,6.0,0.0,dead,0.0,5.0,P. careya,1.0,0.0,E. chlorostachys,1.0,0.0,Eucalyptus bella,1.0,0.0,Eucalyptus tectifica,1.0,0.0,,,,,,,,,,,,,Acacia auriculiformis,3.0,0.0,Lophostemon lactifluus,7.0,0.0,Canarium australianum,3.0,0.0,P. careya,9.0,0.0,E. chlorostachys,4.0,0.0,Mallotus nesophilus,1.0,0.0,Brachychiton diversifolius,1.0,0.0,,,,,,,,,,,,,Acacia auriculiformis,9.0,3.0,Lophostemon lactifluus,1.0,0.0,P. careya,1.0,0.0,E. chlorostachys,1.0,0.0,Mallotus nesophilus,5.0,0.0,Breynia cerunea,1.0,0.0,,,,,,,,,,,,,,,,Acacia auriculiformis,6.0,2.0,Lophostemon lactifluus,9.0,0.0,P. careya,5.0,0.0,E. chlorostachys,5.0,0.0,C. armstrongii,1.0,0.0,Mallotus nesophilus,2.0,0.0,E. miniata,1.0,0.0,,,,,,,,,,,,,Acacia auriculiformis,6.0,2.0,Lophostemon lactifluus,6.0,0.0,P. careya,4.0,0.0,E. chlorostachys,1.0,0.0,Eucalyptus bella,1.0,0.0,Premna acuminata,3.0,0.0,Sterculia quadrifida,1.0,0.0,Corymbia polysciada,1.0,0.0,Denhamia obscura,1.0,0.0,,,,,,,hshr01.2012_1ha,hshr01.2012_1ha,12.138290405273438,23.42958068847656,17.0013355255127,17.020942687988278,2.5455999697804126,15.562751770019533,17.020942687988278,18.238916397094727,20.363570785522455,22.81637870788575
0,8,hsf01,2012-10-07 00:00:00,20120710,2012,2012-07-10,52.0,720781.0,8620707.0,,,WGS84,0.5,7.0,12.0,0.2,Callitris intratropica plantation,,Callitris intratropica ,41.0,1.0,,,,,,,,,,,,,,,,,,,,,,,,,,,,,,,Callitris intratropica ,38.0,2.0,E. miniata,1.0,0.0,,,,,,,,,,,,,,,,,,,,,,,,,,,,Callitris intratropica ,37.0,0.0,E. chlorostachys,1.0,0.0,,,,,,,,,,,,,,,,,,,,,,,,,,,,Callitris intratropica ,37.0,0.0,Corymbia bleeseri,1.0,0.0,,,,,,,,,,,,,,,,,,,,,,,,,,,,Callitris intratropica ,38.0,1.0,E. miniata,1.0,0.0,,,,,,,,,,,,,,,,,,,,,,,,,,,,Callitris intratropica ,39.0,0.0,E. miniata,1.0,0.0,,,,,,,,,,,,,,,,,,,,,,,,,,,,Callitris intratropica ,36.0,3.0,,,,,,,,,,,,,,,,,,,,,,,,,,,,,,,hsf01.2012_1ha,hsf01.2012_1ha,10.26995086669922,16.820526123046875,13.545639991760256,13.499088287353516,2.0965824237423343,11.971170425415039,13.499088287353516,15.445314407348633,16.763809204101562,16.809182739257807
0,9,hsf02,2012-10-07 00:00:00,20120710,2012,2012-07-10,52.0,722394.0,8620275.0,,,WGS84,0.5,7.0,12.0,0.5,Callitris intratropica plantation,,Callitris intratropica ,44.0,1.0,E. tetrodonta,1.0,0.0,,,,,,,,,,,,,,,,,,,,,,,,,,,,Callitris intratropica ,41.0,0.0,E. tetrodonta,5.0,0.0,,,,,,,,,,,,,,,,,,,,,,,,,,,,Callitris intratropica ,32.0,1.0,E. tetrodonta,1.0,0.0,,,,,,,,,,,,,,,,,,,,,,,,,,,,Callitris intratropica ,35.0,2.0,E. tetrodonta,2.0,0.0,,,,,,,,,,,,,,,,,,,,,,,,,,,,Callitris intratropica ,32.0,0.0,E. tetrodonta,2.0,0.0,,,,,,,,,,,,,,,,,,,,,,,,,,,,Callitris intratropica ,37.0,2.0,E. tetrodonta,3.0,1.0,E. miniata,1.0,0.0,Buchanania obovata,1.0,0.0,,,,,,,,,,,,,,,,,,,,,,Callitris intratropica ,39.0,1.0,,,,,,,,,,,,,,,,,,,,,,,,,,,,,,,hsf02.2012_1ha,hsf02.2012_1ha,6.6851654052734375,16.543159484863278,11.364297485351555,11.06744384765625,2.724087005215796,9.294736862182617,11.06744384765625,12.95223617553711,16.235753250122073,16.481678237915045
0,10,wedo01,2012-06-06 00:00:00,20120606,2012,2012-06-06,52.0,717807.0,8605823.0,,,WGS84,0.1,7.0,10.0,0.8,,,E. tetrodonta,3.0,0.0,E. miniata,2.0,0.0,E. chlorostachys,9.0,0.0,Corymbia polycarpa,3.0,0.0,Corymbia polysciada,3.0,0.0,L. humilis,9.0,0.0,Buchanania obovata,1.0,0.0,dead,2.0,0.0,,,,,,,,,,E. tetrodonta,3.0,0.0,E. miniata,1.0,0.0,E. chlorostachys,7.0,0.0,Corymbia polycarpa,3.0,0.0,Corymbia polysciada,4.0,0.0,P. spiralis,1.0,0.0,L. humilis,7.0,0.0,dead,0.0,4.0,,,,,,,,,,E. tetrodonta,2.0,0.0,E. miniata,2.0,0.0,E. chlorostachys,7.0,0.0,Corymbia polycarpa,7.0,0.0,Corymbia polysciada,5.0,0.0,P. spiralis,1.0,0.0,L. humilis,11.0,0.0,dead,0.0,2.0,Grevillea pteridifolia,2.0,0.0,,,,,,,E. tetrodonta,2.0,0.0,E. miniata,1.0,0.0,E. chlorostachys,14.0,0.0,Corymbia polycarpa,3.0,0.0,Corymbia polysciada,6.0,0.0,L. humilis,2.0,0.0,dead,0.0,1.0,Lophostemon lactifluus,9.0,0.0,,,,,,,,,,E. tetrodonta,3.0,0.0,E. miniata,5.0,0.0,E. chlorostachys,8.0,0.0,Corymbia polycarpa,2.0,0.0,Corymbia polysciada,5.0,0.0,L. humilis,2.0,0.0,dead,0.0,2.0,Grevillea pteridifolia,1.0,0.0,Terminalia ferdinandiana,1.0,0.0,,,,,,,E. tetrodonta,2.0,0.0,E. miniata,2.0,2.0,E. chlorostachys,15.0,0.0,Corymbia polycarpa,2.0,0.0,Corymbia polysciada,5.0,0.0,P. spiralis,1.0,0.0,L. humilis,7.0,0.0,dead,0.0,5.0,,,,,,,,,,E. tetrodonta,4.0,0.0,E. miniata,4.0,0.0,E. chlorostachys,7.0,0.0,Corymbia polycarpa,3.0,0.0,Corymbia polysciada,4.0,0.0,L. humilis,5.0,0.0,dead,0.0,1.0,Terminalia ferdinandiana,1.0,0.0,,,,,,,,,,wedo01.2012_1ha,wedo01.2012_1ha,6.246238708496094,14.820785522460938,8.632197570800784,7.9616546630859375,2.4270390155346497,7.349164962768555,7.9616546630859375,8.563091278076174,13.118598175048813,14.480348052978512
0,11,wedo03,2012-10-07 00:00:00,20120710,2012,2012-07-10,52.0,715486.0,8613592.0,,,WGS84,0.25,7.0,15.0,0.5,Eucalypt woodland/open forest,,E. tetrodonta,5.0,0.0,Corymbia bleeseri,2.0,0.0,E. miniata,8.0,0.0,P. careya,2.0,0.0,E. chlorostachys,5.0,0.0,C. armstrongii,1.0,0.0,Corymbia polysciada,1.0,0.0,Corymbia porrecta,1.0,0.0,xanta dara,2.0,1.0,L. humilis,7.0,1.0,,,,E. tetrodonta,14.0,0.0,Corymbia bleeseri,2.0,0.0,E. miniata,5.0,0.0,P. careya,1.0,0.0,E. chlorostachys,4.0,1.0,C. armstrongii,1.0,0.0,Corymbia polysciada,1.0,0.0,Corymbia porrecta,1.0,0.0,,,,,,,,,,E. tetrodonta,21.0,0.0,Corymbia bleeseri,3.0,0.0,E. miniata,8.0,2.0,P. careya,1.0,2.0,E. chlorostachys,2.0,0.0,C. armstrongii,2.0,1.0,,,,,,,,,,,,,,,,E. tetrodonta,4.0,1.0,Corymbia bleeseri,3.0,0.0,E. miniata,8.0,0.0,,,,,,,,,,,,,,,,,,,,,,,,,E. tetrodonta,13.0,0.0,Corymbia bleeseri,4.0,0.0,E. miniata,4.0,0.0,E. chlorostachys,3.0,1.0,C. armstrongii,1.0,0.0,,,,,,,,,,,,,,,,,,,E. tetrodonta,9.0,1.0,Corymbia bleeseri,3.0,0.0,E. miniata,7.0,0.0,P. careya,1.0,1.0,E. chlorostachys,2.0,0.0,C. armstrongii,1.0,0.0,Corymbia polysciada,1.0,0.0,,,,,,,,,,,,,E. tetrodonta,18.0,1.0,Corymbia bleeseri,2.0,1.0,E. miniata,7.0,1.0,P. careya,1.0,0.0,E. chlorostachys,2.0,0.0,C. armstrongii,3.0,0.0,Corymbia porrecta,1.0,1.0,L. humilis,3.0,0.0,,,,,,,,,,wedo03.2012_1ha,wedo03.2012_1ha,15.928443908691404,20.07340240478516,18.32172203063965,18.249752044677734,1.3508771896999343,17.201982498168945,18.249752044677734,19.597414016723636,20.07340240478516,20.07340240478516
0,12,centa13,2013-02-06 00:00:00,20130602,2013,2013-06-02,53.0,322674.0,8409992.0,,,GDA94,0.25,7.0,,,,,E. tetrodonta,6.0,2.0,Corymbia bleeseri,4.0,0.0,Corymbia dichromphloia,2.0,0.0,E. chlorostachys,0.0,1.0,,,,,,,,,,,,,,,,,,,,,,E. tetrodonta,9.0,0.0,Corymbia bleeseri,3.0,0.0,Corymbia dichromphloia,2.0,0.0,E. miniata,3.0,0.0,,,,,,,,,,,,,,,,,,,,,,E. tetrodonta,7.0,0.0,Corymbia bleeseri,7.0,0.0,Corymbia dichromphloia,4.0,0.0,E. chlorostachys,2.0,0.0,,,,,,,,,,,,,,,,,,,,,,E. tetrodonta,11.0,1.0,Corymbia bleeseri,5.0,0.0,Corymbia dichromphloia,1.0,0.0,Buchanania obovata,1.0,0.0,,,,,,,,,,,,,,,,,,,,,,E. tetrodonta,5.0,0.0,Corymbia bleeseri,4.0,0.0,Corymbia dichromphloia,1.0,0.0,E. chlorostachys,2.0,0.0,E. miniata,2.0,0.0,,,,,,,,,,,,,,,,,,,E. tetrodonta,10.0,1.0,Corymbia bleeseri,3.0,0.0,Corymbia dichromphloia,2.0,0.0,E. chlorostachys,3.0,0.0,,,,,,,,,,,,,,,,,,,,,,E. tetrodonta,10.0,0.0,Corymbia bleeseri,3.0,0.0,Corymbia dichromphloia,2.0,0.0,E. miniata,2.0,0.0,,,,,,,,,,,,,,,,,,,,,,centa13.2013_1ha,centa13.2013_1ha,8.869903564453125,19.669578552246094,14.77164039611816,15.510311126708984,3.7425753104253388,11.863758087158205,15.510311126708984,18.007888793945312,19.66236686706543,19.66813621520997
0,13,centa14,2012-02-06 00:00:00,20120602,2012,2012-06-02,53.0,315854.0,8407012.0,,,WGS84,0.25,7.0,,,,,E. tetrodonta,13.0,1.0,Corymbia dichromphloia,7.0,1.0,,,,,,,,,,,,,,,,,,,,,,,,,,,,E. tetrodonta,11.0,1.0,Corymbia dichromphloia,5.0,0.0,Buchanania obovata,2.0,0.0,,,,,,,,,,,,,,,,,,,,,,,,,E. tetrodonta,9.0,0.0,Corymbia dichromphloia,5.0,0.0,E. chlorostachys,3.0,0.0,,,,,,,,,,,,,,,,,,,,,,,,,E. tetrodonta,11.0,1.0,Corymbia dichromphloia,9.0,0.0,Buchanania obovata,1.0,0.0,,,,,,,,,,,,,,,,,,,,,,,,,E. tetrodonta,11.0,0.0,Corymbia dichromphloia,9.0,0.0,E. chlorostachys,3.0,0.0,Buchanania obovata,1.0,0.0,,,,,,,,,,,,,,,,,,,,,,E. tetrodonta,8.0,1.0,Corymbia dichromphloia,9.0,0.0,E. chlorostachys,1.0,1.0,,,,,,,,,,,,,,,,,,,,,,,,,E. tetrodonta,10.0,1.0,Corymbia dichromphloia,5.0,3.0,E. chlorostachys,1.0,0.0,,,,,,,,,,,,,,,,,,,,,,,,,centa14.2012_1ha,centa14.2012_1ha,12.558021545410154,16.825508117675778,14.28019180297852,14.090225219726562,1.039660887169834,13.583959579467773,14.090225219726562,14.912696838378904,15.902180480957046,16.640842590332028
0,14,gulf10,16/07/2013,20130716,2013,2013-07-16,53.0,636872.00112,8227817.17031,,,WGS84,0.25,7.0,,,,,E. miniata,9.0,1.0,E. tetrodonta,9.0,0.0,Acacia lamprocarpa,1.0,0.0,Corymbia grandifolia,1.0,0.0,Eucalyptus tectifica,1.0,0.0,,,,,,,,,,,,,,,,,,,E. miniata,14.0,0.0,E. tetrodonta,5.0,0.0,Acacia lamprocarpa,1.0,0.0,Corymbia grandifolia,2.0,0.0,,,,,,,,,,,,,,,,,,,,,,E. miniata,10.0,0.0,E. tetrodonta,6.0,0.0,Buchanania obovata,2.0,0.0,E. chlorostachys,3.0,0.0,Eucalyptus tectifica,1.0,0.0,,,,,,,,,,,,,,,,,,,E. miniata,11.0,0.0,E. tetrodonta,2.0,0.0,E. chlorostachys,1.0,0.0,Eucalyptus tectifica,2.0,0.0,,,,,,,,,,,,,,,,,,,,,,E. miniata,16.0,1.0,E. tetrodonta,6.0,0.0,E. chlorostachys,1.0,0.0,,,,,,,,,,,,,,,,,,,,,,,,,E. miniata,10.0,0.0,E. tetrodonta,11.0,0.0,Buchanania obovata,3.0,0.0,Eucalyptus tectifica,4.0,0.0,E. chlorostachys,3.0,0.0,,,,,,,,,,,,,,,,,,,E. miniata,9.0,0.0,E. tetrodonta,5.0,0.0,Buchanania obovata,1.0,0.0,Corymbia ferruginea,1.0,0.0,Acacia lamprocarpa,1.0,0.0,Corymbia grandifolia,1.0,0.0,,,,,,,,,,,,,,,,gulf10.2013_1ha,gulf10.2013_1ha,7.456062316894531,10.36821746826172,8.908465576171878,8.813865661621094,0.8450995292191041,8.321420669555664,8.813865661621094,9.717365264892578,10.02594871520995,10.299763717651373
0,15,gulf11,16/07/2013,20130716,2013,2013-07-16,53.0,671023.0,8220551.0,,,GDA94,0.25,7.0,,,,,E. tetrodonta,15.0,3.0,E. miniata,5.0,1.0,Buchanania obovata,1.0,0.0,E. chlorostachys,2.0,2.0,,,,,,,,,,,,,,,,,,,,,,E. tetrodonta,15.0,1.0,E. miniata,3.0,0.0,Buchanania obovata,1.0,0.0,P. pubescens,1.0,1.0,E. chlorostachys,3.0,0.0,,,,,,,,,,,,,,,,,,,E. tetrodonta,14.0,0.0,E. miniata,4.0,1.0,Buchanania obovata,1.0,0.0,P. pubescens,2.0,0.0,E. chlorostachys,3.0,0.0,Planchonia sp.,1.0,1.0,,,,,,,,,,,,,,,,E. tetrodonta,10.0,1.0,E. miniata,13.0,1.0,Buchanania obovata,2.0,0.0,E. chlorostachys,1.0,1.0,,,,,,,,,,,,,,,,,,,,,,E. tetrodonta,24.0,1.0,E. miniata,1.0,0.0,P. pubescens,1.0,0.0,Corymbia ferruginea,4.0,0.0,E. chlorostachys,1.0,1.0,,,,,,,,,,,,,,,,,,,E. tetrodonta,26.0,0.0,P. pubescens,2.0,0.0,Corymbia ferruginea,2.0,0.0,E. chlorostachys,1.0,0.0,,,,,,,,,,,,,,,,,,,,,,E. tetrodonta,12.0,0.0,E. miniata,10.0,0.0,E. chlorostachys,5.0,1.0,,,,,,,,,,,,,,,,,,,,,,,,,gulf11.2013_1ha,gulf11.2013_1ha,9.90509033203125,13.693946838378904,12.115508556365967,12.261432647705078,1.0829168189471443,11.33668327331543,12.261432647705078,13.156656265258787,13.568090438842773,13.66877555847168
0,24,umb07,2013-03-06 00:00:00,20130603,2013,2013-06-03,52.0,788961.7142,8454814.99169999,,,GDA94,0.25,7.0,,,,,E. miniata,11.0,0.0,E. tetrodonta,6.0,0.0,Acacia latesens,2.0,0.0,,,,,,,,,,,,,,,,,,,,,,,,,E. miniata,5.0,1.0,E. tetrodonta,3.0,0.0,E. chlorostachys,2.0,0.0,Buchanania obovata,2.0,0.0,Exacarpos latafolia,5.0,0.0,Denhmai obscura,1.0,0.0,Owinea sp.,1.0,0.0,Corymbia ferruginea,1.0,0.0,,,,,,,,,,E. miniata,10.0,0.0,E. tetrodonta,11.0,1.0,Acacia latesens,1.0,0.0,,,,,,,,,,,,,,,,,,,,,,,,,E. miniata,12.0,0.0,E. tetrodonta,5.0,0.0,E. chlorostachys,0.0,1.0,Acacia latesens,2.0,0.0,,,,,,,,,,,,,,,,,,,,,,E. miniata,10.0,1.0,E. tetrodonta,5.0,1.0,E. chlorostachys,0.0,1.0,Acacia latesens,1.0,0.0,,,,,,,,,,,,,,,,,,,,,,E. miniata,17.0,2.0,E. tetrodonta,4.0,0.0,Terminalia carpentariae,1.0,0.0,Corymbia sp.,1.0,0.0,,,,,,,,,,,,,,,,,,,,,,E. miniata,10.0,2.0,E. tetrodonta,3.0,0.0,Acacia latesens,0.0,2.0,Corymbia ferruginea,3.0,1.0,Eucalyptus sp.,1.0,0.0,,,,,,,,,,,,,,,,,,,umb07.2013_1ha,umb07.2013_1ha,11.371315002441404,20.138954162597656,16.87381362915039,16.687980651855472,2.080467002931983,15.899017333984375,16.687980651855472,18.46196174621582,20.117594528198236,20.134682235717772
0,25,amg01,2012-06-19 00:00:00,20120619,2012,2012-06-19,53.0,398729.0,8188688.0,,,GDA94,0.25,7.0,11.0,0.4,"C. dicro, E.chloro low woodland over tussock grass",ok,Corymbia dichromphloia,1.0,0.0,E. chlorostachys,17.0,0.0,Corymbia ferruginea,3.0,0.0,,,,,,,,,,,,,,,,,,,,,,,,,Corymbia dichromphloia,3.0,0.0,Alphitonia excelsa,6.0,0.0,Bauhinia cunninghamii,2.0,0.0,E. chlorostachys,12.0,2.0,Terminalia canescens,2.0,1.0,Macropteranthes kekwickii,1.0,0.0,Brachychiton diversifolius,1.0,0.0,Atalaya hemiglauca,1.0,0.0,Corymbia ferruginea,3.0,0.0,Brachychiton paradoxus,1.0,0.0,Hakea arborescens,1.0,0.0,Corymbia dichromphloia,1.0,0.0,E. chlorostachys,14.0,0.0,Brachychiton diversifolius,3.0,0.0,Corymbia ferruginea,4.0,0.0,,,,,,,,,,,,,,,,,,,,,,E. chlorostachys,10.0,0.0,Brachychiton diversifolius,1.0,0.0,Corymbia ferruginea,1.0,0.0,Grevillia sp.,3.0,,,,,,,,,,,,,,,,,,,,,,,Corymbia dichromphloia,7.0,0.0,Bauhinia cunninghamii,2.0,0.0,E. chlorostachys,19.0,1.0,Terminalia canescens,1.0,0.0,Brachychiton diversifolius,2.0,0.0,Corymbia ferruginea,2.0,0.0,Grevillia sp.,5.0,0.0,,,,,,,,,,,,,Corymbia dichromphloia,3.0,0.0,Bauhinia cunninghamii,1.0,0.0,E. chlorostachys,13.0,1.0,Terminalia canescens,1.0,0.0,Brachychiton diversifolius,2.0,0.0,Corymbia ferruginea,3.0,0.0,Grevillia sp.,2.0,0.0,species 1,1.0,0.0,Erythroxylum ellipticum,1.0,0.0,,,,,,,Corymbia dichromphloia,1.0,0.0,E. chlorostachys,17.0,5.0,Corymbia ferruginea,5.0,0.0,Erythroxylum ellipticum,1.0,0.0,P. pubescens,1.0,0.0,,,,,,,,,,,,,,,,,,,amg01.2012_1ha,amg01.2012_1ha,7.490158081054687,17.519630432128903,13.008879089355473,13.038623809814453,3.0109096506709645,10.86387825012207,13.038623809814453,15.803258895874025,17.102418136596686,17.436187973022456
0,28,amg05,2012-06-21 00:00:00,20120621,2012,2012-06-21,53.0,403065.0,8149954.0,,,GDA94,0.75,7.0,,,,ok,Acacia shirleyi,15.0,3.0,,,,,,,,,,,,,,,,,,,,,,,,,,,,,,,Acacia shirleyi,23.0,12.0,,,,,,,,,,,,,,,,,,,,,,,,,,,,,,,Acacia shirleyi,12.0,7.0,Macropteranthes kekwickii,0.0,2.0,Eucalyptus microtheca,2.0,0.0,,,,,,,,,,,,,,,,,,,,,,,,,Acacia shirleyi,11.0,7.0,Macropteranthes kekwickii,1.0,4.0,,,,,,,,,,,,,,,,,,,,,,,,,,,,Acacia shirleyi,14.0,4.0,Macropteranthes kekwickii,5.0,5.0,,,,,,,,,,,,,,,,,,,,,,,,,,,,Acacia shirleyi,13.0,6.0,,,,,,,,,,,,,,,,,,,,,,,,,,,,,,,Acacia shirleyi,17.0,15.0,,,,,,,,,,,,,,,,,,,,,,,,,,,,,,,amg05.2012_1ha,amg05.2012_1ha,8.855865478515625,16.271049499511722,11.170801162719727,10.70981216430664,1.8309491930690045,9.648212432861328,10.70981216430664,12.317781448364258,13.529782867431637,15.722796173095704
0,29,amg06,2012-06-21 00:00:00,20120621,2012,2012-06-21,53.0,402749.0,8154049.0,,,GDA94,0.1,7.0,,,,ok,Corymbia dichromphloia,9.0,0.0,Corymbia ferruginea,12.0,2.0,,,,,,,,,,,,,,,,,,,,,,,,,,,,Corymbia dichromphloia,7.0,2.0,Corymbia ferruginea,4.0,2.0,Brachychiton sp.,1.0,0.0,Acacia sp.,1.0,0.0,,,,,,,,,,,,,,,,,,,,,,Corymbia dichromphloia,16.0,0.0,Corymbia ferruginea,12.0,1.0,,,,,,,,,,,,,,,,,,,,,,,,,,,,Corymbia dichromphloia,8.0,0.0,Corymbia ferruginea,21.0,0.0,,,,,,,,,,,,,,,,,,,,,,,,,,,,Corymbia dichromphloia,8.0,0.0,Corymbia ferruginea,6.0,0.0,Brachychiton sp.,1.0,0.0,Acacia sp.,12.0,0.0,Grevillia sp.,2.0,0.0,,,,,,,,,,,,,,,,,,,Corymbia dichromphloia,7.0,0.0,Corymbia ferruginea,8.0,3.0,Acacia sp.,4.0,0.0,,,,,,,,,,,,,,,,,,,,,,,,,Corymbia dichromphloia,7.0,0.0,Corymbia ferruginea,8.0,0.0,Acacia sp.,3.0,0.0,,,,,,,,,,,,,,,,,,,,,,,,,amg06.2012_1ha,amg06.2012_1ha,8.267646789550781,15.495010375976562,11.516914749145512,11.634994506835938,1.713882459842588,10.572006225585938,11.634994506835938,12.287296295166016,14.128240203857414,15.22165634155273
0,30,amg08,2012-06-22 00:00:00,20120622,2012,2012-06-22,53.0,402776.0,8167869.0,,,GDA94,0.75,7.0,,,,ok,Acacia shirleyi,20.0,1.0,Macropteranthes kekwickii,1.0,0.0,,,,,,,,,,,,,,,,,,,,,,,,,,,,Acacia shirleyi,32.0,5.0,Macropteranthes kekwickii,1.0,1.0,Terminalia volucris,2.0,0.0,,,,,,,,,,,,,,,,,,,,,,,,,Acacia shirleyi,12.0,2.0,Macropteranthes kekwickii,15.0,9.0,Terminalia volucris,1.0,0.0,,,,,,,,,,,,,,,,,,,,,,,,,Acacia shirleyi,12.0,3.0,Macropteranthes kekwickii,2.0,0.0,,,,,,,,,,,,,,,,,,,,,,,,,,,,Acacia shirleyi,22.0,3.0,Macropteranthes kekwickii,9.0,1.0,,,,,,,,,,,,,,,,,,,,,,,,,,,,Acacia shirleyi,18.0,5.0,Macropteranthes kekwickii,9.0,0.0,,,,,,,,,,,,,,,,,,,,,,,,,,,,Acacia shirleyi,23.0,3.0,Macropteranthes kekwickii,1.0,0.0,,,,,,,,,,,,,,,,,,,,,,,,,,,,amg08.2012_1ha,amg08.2012_1ha,11.45257568359375,18.281776428222656,13.366728591918942,12.718643188476562,1.6256710767043443,12.394405364990234,12.718643188476562,14.085678100585938,17.011294937133783,18.027680130004878
0,32,amg10,2012-06-22 00:00:00,20120622,2012,2012-06-22,53.0,413269.0,8184921.0,,,GDA94,0.1,7.0,,,,ok,Eucalyptus pruinosa,1.0,0.0,Eucalyptus chlorophylla,11.0,0.0,E. chlorostachys,4.0,0.0,Terminalia canescens,5.0,0.0,,,,,,,,,,,,,,,,,,,,,,Eucalyptus pruinosa,3.0,0.0,Eucalyptus chlorophylla,12.0,8.0,E. chlorostachys,1.0,1.0,,,,,,,,,,,,,,,,,,,,,,,,,Eucalyptus pruinosa,1.0,0.0,Eucalyptus chlorophylla,13.0,2.0,E. chlorostachys,6.0,0.0,Macropteranthes kekwickii,2.0,0.0,,,,,,,,,,,,,,,,,,,,,,Eucalyptus chlorophylla,17.0,1.0,E. chlorostachys,2.0,0.0,Brachychiton sp.,1.0,0.0,,,,,,,,,,,,,,,,,,,,,,,,,Eucalyptus pruinosa,11.0,0.0,Eucalyptus chlorophylla,4.0,0.0,E. chlorostachys,4.0,1.0,Brachychiton sp.,1.0,0.0,Terminalia canescens,1.0,0.0,,,,,,,,,,,,,,,,,,,Eucalyptus pruinosa,7.0,0.0,Eucalyptus chlorophylla,7.0,0.0,E. chlorostachys,7.0,1.0,Acacia sp.,2.0,0.0,Dodonaea physocarpa,2.0,0.0,,,,,,,,,,,,,,,,,,,Eucalyptus chlorophylla,9.0,0.0,E. chlorostachys,4.0,1.0,dead,3.0,0.0,,,,,,,,,,,,,,,,,,,,,,,,,amg10.2012_1ha,amg10.2012_1ha,7.7649383544921875,13.41241455078125,10.284504699707028,10.235244750976562,1.5242878923015797,9.316118240356444,10.235244750976562,11.071826934814453,12.809619140625005,13.29185546875
0,36,ant06,2012-06-25 00:00:00,20120625,2012,2012-06-25,53.0,516122.0,7980344.0,,,WGS84,0.25,7.0,,,,Hight not recorded,Eucalyptus microtheca,3.0,0.0,Acacia stenophylla,15.0,3.0,,,,,,,,,,,,,,,,,,,,,,,,,,,,Eucalyptus microtheca,8.0,1.0,Acacia stenophylla,12.0,0.0,,,,,,,,,,,,,,,,,,,,,,,,,,,,Eucalyptus microtheca,12.0,0.0,Acacia stenophylla,26.0,0.0,,,,,,,,,,,,,,,,,,,,,,,,,,,,Acacia stenophylla,9.0,7.0,,,,,,,,,,,,,,,,,,,,,,,,,,,,,,,Eucalyptus microtheca,3.0,1.0,,,,,,,,,,,,,,,,,,,,,,,,,,,,,,,Eucalyptus microtheca,8.0,1.0,Acacia stenophylla,7.0,2.0,,,,,,,,,,,,,,,,,,,,,,,,,,,,Eucalyptus microtheca,1.0,0.0,Acacia stenophylla,11.0,0.0,,,,,,,,,,,,,,,,,,,,,,,,,,,,ant06.2012_1ha,ant06.2012_1ha,,,,,,,,,,
0,39,ant03,2012-06-24 00:00:00,20120624,2012,2012-06-24,53.0,506133.0,7983236.0,,,GDA94,0.1,7.0,,,,Hight not recoprded,Eucalyptus microtheca,3.0,0.0,,,,,,,,,,,,,,,,,,,,,,,,,,,,,,,Eucalyptus microtheca,4.0,0.0,,,,,,,,,,,,,,,,,,,,,,,,,,,,,,,Eucalyptus microtheca,4.0,0.0,,,,,,,,,,,,,,,,,,,,,,,,,,,,,,,Eucalyptus microtheca,9.0,0.0,,,,,,,,,,,,,,,,,,,,,,,,,,,,,,,Eucalyptus microtheca,6.0,0.0,,,,,,,,,,,,,,,,,,,,,,,,,,,,,,,Eucalyptus microtheca,10.0,0.0,,,,,,,,,,,,,,,,,,,,,,,,,,,,,,,,,,,,,,,,,,,,,,,,,,,,,,,,,,,,,,,,ant03.2012_1ha,ant03.2012_1ha,,,,,,,,,,
0,48,barkely07,2011-10-27 00:00:00,20111027,2011,2011-10-27,53.0,564473.0,8000269.0,,,GDA94,0.25,7.0,7.0,0.6,Tussock grassland with scattered trees,,Excoecaria parvifolia,4.0,0.0,,,,,,,,,,,,,,,,,,,,,,,,,,,,,,,Excoecaria parvifolia,4.0,0.0,,,,,,,,,,,,,,,,,,,,,,,,,,,,,,,Excoecaria parvifolia,9.0,0.0,,,,,,,,,,,,,,,,,,,,,,,,,,,,,,,,,,,,,,,,,,,,,,,,,,,,,,,,,,,,,,,,Excoecaria parvifolia,9.0,0.0,,,,,,,,,,,,,,,,,,,,,,,,,,,,,,,Excoecaria parvifolia,6.0,1.0,,,,,,,,,,,,,,,,,,,,,,,,,,,,,,,Excoecaria parvifolia,6.0,2.0,,,,,,,,,,,,,,,,,,,,,,,,,,,,,,,barkely07.2011_1ha,barkely07.2011_1ha,6.167762756347656,9.039443969726562,7.296760082244872,7.1063270568847665,0.8667317106705779,6.664752960205077,7.1063270568847665,7.852092742919923,8.800788879394531,8.991712951660162
0,50,wh02,2012-07-24 00:00:00,20120724,2012,2012-07-24,52.0,677559.0,7983083.0,,,WGS84,0.1,7.0,,,Triodia hummock grass with some scattered trees and midstory (recovering from fire),burnt,Eucalyptus pruinosa,0.0,1.0,,,,,,,,,,,,,,,,,,,,,,,,,,,,,,,,,,,,,,,,,,,,,,,,,,,,,,,,,,,,,,,,Eucalyptus pruinosa,5.0,2.0,,,,,,,,,,,,,,,,,,,,,,,,,,,,,,,Corymbia terminalis,1.0,0.0,,,,,,,,,,,,,,,,,,,,,,,,,,,,,,,Eucalyptus brevifolia,1.0,0.0,,,,,,,,,,,,,,,,,,,,,,,,,,,,,,,,,,,,,,,,,,,,,,,,,,,,,,,,,,,,,,,,Eucalyptus pruinosa,0.0,2.0,Eucalyptus brevifolia,0.0,1.0,,,,,,,,,,,,,,,,,,,,,,,,,,,,wh02.2012_1ha,wh02.2012_1ha,,,,,,,,,,
0,55,wh07,2012-07-25 00:00:00,20120725,2012,2012-07-25,52.0,696722.0,8038647.0,,,WGS84,0.1,7.0,2.0,0.5,Native grassland Heavily grazed (sparse multi-stemmed shrubs) ,ok,,,,,,,,,,,,,,,,,,,,,,,,,,,,,,,,,,,,,,,,,,,,,,,,,,,,,,,,,,,,,,,,,,,Acacia nilotoca,1.0,0.0,,,,,,,,,,,,,,,,,,,,,,,,,,,,,,,,,,,,,,,,,,,,,,,,,,,,,,,,,,,,,,,,,,,,,,,,,,,,,,,,,,,,,,,,,,,,,,,,,Acacia nilotoca,11.0,0.0,,,,,,,,,,,,,,,,,,,,,,,,,,,,,,,Acacia nilotoca,1.0,0.0,,,,,,,,,,,,,,,,,,,,,,,,,,,,,,,wh07.2012_1ha,wh07.2012_1ha,3.063179016113281,7.2352294921875,5.134917259216309,4.9054527282714835,1.2481251379887413,4.127857208251953,4.9054527282714835,6.189260482788086,7.0782508850097665,7.203833770751955
0,64,vrd16,2012-07-27 00:00:00,20120727,2012,2012-07-27,52.0,700109.0,8089133.0,,,WGS84,0.1,7.0,5.0,0.5,Clossed tussok grassland with scattered low trees,,,,,,,,,,,,,,,,,,,,,,,,,,,,,,,,,,,,,,,,,,,,,,,,,,,,,,,,,,,,,,,,,,,,,,,,,,,,,,,,,,,,,,,,,,,,,,,,,,,,,Terminalia arostrata,1.0,0.0,,,,,,,,,,,,,,,,,,,,,,,,,,,,,,,,,,,,,,,,,,,,,,,,,,,,,,,,,,,,,,,,,,,,,,,,,,,,,,,,,,,,,,,,,,,,,,,,,,,,,,,,,,,,,,,,,,,,,,,,,,,,,,,,,,vrd16.2012_1ha,vrd16.2012_1ha,5.068687438964844,6.482589721679688,5.677123641967768,5.6616249084472665,0.3670240177587231,5.42512321472168,5.6616249084472665,5.732990264892577,6.4816619873046895,6.482404174804685
0,68,vrd20,2012-07-28 00:00:00,20120728,2012,2012-07-28,52.0,702062.0,8108163.0,,,WGS84,0.1,7.0,5.0,0.3,Annual/tussok grassland with scattered low trees,,Terminalia arostrata,1.0,0.0,,,,,,,,,,,,,,,,,,,,,,,,,,,,,,,Terminalia arostrata,2.0,0.0,,,,,,,,,,,,,,,,,,,,,,,,,,,,,,,Terminalia arostrata,1.0,0.0,Corymbia terminalis,1.0,0.0,,,,,,,,,,,,,,,,,,,,,,,,,,,,Terminalia arostrata,1.0,0.0,,,,,,,,,,,,,,,,,,,,,,,,,,,,,,,Terminalia arostrata,1.0,0.0,,,,,,,,,,,,,,,,,,,,,,,,,,,,,,,Terminalia arostrata,1.0,0.0,,,,,,,,,,,,,,,,,,,,,,,,,,,,,,,Terminalia arostrata,1.0,0.0,,,,,,,,,,,,,,,,,,,,,,,,,,,,,,,vrd20.2012_1ha,vrd20.2012_1ha,5.389518737792969,9.440872192382812,7.278350353240968,7.081565856933594,0.9871181121247748,6.7901611328125,7.081565856933594,7.637296676635742,9.236034393310547,9.399904632568363
0,70,vrd22,2012-07-28 00:00:00,20120728,2012,2012-07-28,52.0,722900.0,8115107.0,,,WGS84,0.1,7.0,5.0,0.6,Tall tussok grassland with scattered low trees,,Terminalia arostrata,6.0,0.0,,,,,,,,,,,,,,,,,,,,,,,,,,,,,,,Terminalia arostrata,1.0,0.0,,,,,,,,,,,,,,,,,,,,,,,,,,,,,,,Terminalia arostrata,2.0,0.0,,,,,,,,,,,,,,,,,,,,,,,,,,,,,,,Terminalia arostrata,4.0,1.0,,,,,,,,,,,,,,,,,,,,,,,,,,,,,,,Terminalia arostrata,1.0,0.0,,,,,,,,,,,,,,,,,,,,,,,,,,,,,,,,,,,,,,,,,,,,,,,,,,,,,,,,,,,,,,,,Terminalia arostrata,1.0,0.0,,,,,,,,,,,,,,,,,,,,,,,,,,,,,,,vrd22.2012_1ha,vrd22.2012_1ha,4.3300323486328125,8.357215881347656,6.446166229248049,6.64691162109375,0.8568263046807199,5.781269073486327,6.64691162109375,7.009815216064452,7.65457305908204,8.216687316894536
0,71,vrd23,2012-07-29 00:00:00,20120729,2012,2012-07-29,52.0,718909.0,8119988.0,,,WGS84,0.1,7.0,5.0,0.05,Sparce annual / tussock grassland with scattered low trees,,Terminalia arostrata,1.0,0.0,,,,,,,,,,,,,,,,,,,,,,,,,,,,,,,Terminalia arostrata,4.0,0.0,,,,,,,,,,,,,,,,,,,,,,,,,,,,,,,Terminalia arostrata,8.0,0.0,,,,,,,,,,,,,,,,,,,,,,,,,,,,,,,Terminalia arostrata,3.0,0.0,,,,,,,,,,,,,,,,,,,,,,,,,,,,,,,,,,,,,,,,,,,,,,,,,,,,,,,,,,,,,,,,Terminalia arostrata,1.0,0.0,Corymbia terminalis,2.0,0.0,,,,,,,,,,,,,,,,,,,,,,,,,,,,Terminalia arostrata,3.0,0.0,,,,,,,,,,,,,,,,,,,,,,,,,,,,,,,vrd23.2012_1ha,vrd23.2012_1ha,3.327430725097656,6.337692260742188,4.9215850830078125,4.6275596618652335,0.978781679725366,4.104440689086913,4.6275596618652335,5.962200164794923,6.296821212768563,6.32951805114746
0,73,vrd25,2012-07-30 00:00:00,20120730,2012,2012-07-30,52.0,719855.0,8156079.0,,,WGS84,0.1,7.0,6.0,0.6,Annual tussock grassland with a scattering of trees,,,,,,,,,,,,,,,,,,,,,,,,,,,,,,,,,,,,,,,,,,,,,,,,,,,,,,,,,,,,,,,,,,,,Corymbia terminalis,1.0,0.0,Terminalia canescens,1.0,0.0,,,,,,,,,,,,,,,,,,,,,,,,,,,,Terminalia arostrata,1.0,0.0,,,,,,,,,,,,,,,,,,,,,,,,,,,,,,,,,,,,,,,,,,,,,,,,,,,,,,,,,,,,,,,,Corymbia terminalis,3.0,0.0,,,,,,,,,,,,,,,,,,,,,,,,,,,,,,,Terminalia arostrata,1.0,0.0,,,,,,,,,,,,,,,,,,,,,,,,,,,,,,,vrd25.2012_1ha,vrd25.2012_1ha,4.342048645019531,7.7069091796875,6.5983519554138175,6.992256164550781,0.9999750768541952,5.7587337493896475,6.992256164550781,7.56785774230957,7.699567794799805,7.705440902709952
0,78,vrd30,2012-07-31 00:00:00,20120731,2012,2012-07-31,52.0,725857.0,8192472.0,,,WGS84,0.25,7.0,8.5,0.1,Low open woodland / woodland ,No basal ,Eucalyptus tectifica,21.0,0.0,,,,,,,,,,,,,,,,,,,,,,,,,,,,,,,Eucalyptus tectifica,14.0,2.0,Exocarpos parvifolia,2.0,0.0,Acacia holosericea,1.0,0.0,,,,,,,,,,,,,,,,,,,,,,,,,Eucalyptus tectifica,16.0,1.0,Exocarpos parvifolia,1.0,0.0,,,,,,,,,,,,,,,,,,,,,,,,,,,,Eucalyptus tectifica,12.0,2.0,Exocarpos parvifolia,2.0,0.0,,,,,,,,,,,,,,,,,,,,,,,,,,,,Eucalyptus tectifica,12.0,3.0,,,,,,,,,,,,,,,,,,,,,,,,,,,,,,,Eucalyptus tectifica,24.0,1.0,Exocarpos parvifolia,1.0,0.0,,,,,,,,,,,,,,,,,,,,,,,,,,,,Eucalyptus tectifica,23.0,3.0,Exocarpos parvifolia,3.0,0.0,Bauhinia cunninghamii,1.0,0.0,,,,,,,,,,,,,,,,,,,,,,,,,vrd30.2012_1ha,vrd30.2012_1ha,6.908592224121094,18.60755157470703,11.788872909545901,11.061164855957033,2.566805587666355,10.313482284545898,11.061164855957033,13.009073257446287,16.49317970275878,18.184677200317378
0,80,vrd32,2012-08-01 00:00:00,20120801,2012,2012-08-01,52.0,739348.0,8206683.0,,,WGS84,0.1,7.0,2.0,0.0,Annual tussock grassland with scattered shrubs,,,,,,,,,,,,,,,,,,,,,,,,,,,,,,,,,,,,,,,,,,,,,,,,,,,,,,,,,,,,,,,,,,,,Calotropis procera,1.0,0.0,Atalaya hemiglauca,1.0,0.0,,,,,,,,,,,,,,,,,,,,,,,,,,,,Calotropis procera,1.0,0.0,,,,,,,,,,,,,,,,,,,,,,,,,,,,,,,,,,,,,,,,,,,,,,,,,,,,,,,,,,,,,,,,Calotropis procera,1.0,0.0,,,,,,,,,,,,,,,,,,,,,,,,,,,,,,,,,,,,,,,,,,,,,,,,,,,,,,,,,,,,,,,,vrd32.2012_1ha,vrd32.2012_1ha,4.345916748046875,6.801307678222656,5.384899139404297,5.269489288330078,0.5922339533090705,4.9444923400878915,5.269489288330078,5.643526077270508,6.3529052734375,6.711627197265627
0,81,vrd33,2012-08-01 00:00:00,20120801,2012,2012-08-01,52.0,731065.0,8212096.0,,,WGS84,0.1,7.0,10.0,0.5,Clossed tussock grassland with scattered trees,,,,,,,,,,,,,,,,,,,,,,,,,,,,,,,,,,,Bauhinia cunninghamii,1.0,0.0,,,,,,,,,,,,,,,,,,,,,,,,,,,,,,,,,,,,,,,,,,,,,,,,,,,,,,,,,,,,,,,,Bauhinia cunninghamii,1.0,0.0,,,,,,,,,,,,,,,,,,,,,,,,,,,,,,,Bauhinia cunninghamii,1.0,0.0,,,,,,,,,,,,,,,,,,,,,,,,,,,,,,,,,,,,,,,,,,,,,,,,,,,,,,,,,,,,,,,,,,,,,,,,,,,,,,,,,,,,,,,,,,,,,,,,,vrd33.2012_1ha,vrd33.2012_1ha,7.353347778320312,10.586265563964844,9.454131126403807,9.461383819580078,0.7357380742199241,9.06954574584961,9.461383819580078,9.91944694519043,10.453828811645508,10.559778213500977
0,85,vrd37,2012-08-02 00:00:00,20120802,2012,2012-08-02,52.0,728961.0,8210533.0,,,WGS84,0.25,7.0,8.0,0.2,Low woodland with sparce tussock/sedge cover,,Eucalyptus microtheca,33.0,9.0,Exocarpos parvifolia,1.0,0.0,,,,,,,,,,,,,,,,,,,,,,,,,,,,Eucalyptus microtheca,24.0,6.0,Exocarpos parvifolia,2.0,0.0,,,,,,,,,,,,,,,,,,,,,,,,,,,,Eucalyptus microtheca,27.0,5.0,,,,,,,,,,,,,,,,,,,,,,,,,,,,,,,Eucalyptus microtheca,29.0,3.0,,,,,,,,,,,,,,,,,,,,,,,,,,,,,,,Eucalyptus microtheca,25.0,6.0,Exocarpos parvifolia,1.0,0.0,,,,,,,,,,,,,,,,,,,,,,,,,,,,Eucalyptus microtheca,32.0,9.0,,,,,,,,,,,,,,,,,,,,,,,,,,,,,,,Eucalyptus microtheca,32.0,7.0,,,,,,,,,,,,,,,,,,,,,,,,,,,,,,,vrd37.2012_1ha,vrd37.2012_1ha,11.784431457519533,17.325210571289062,14.223703384399414,14.143547058105467,1.4842361006686928,13.335018157958984,14.143547058105467,14.992279052734375,17.01093864440918,17.26235618591309
0,87,el02,2013-04-14 00:00:00,20130414,2013,2013-04-14,53.0,343831.994626,8061264.31986,,,WGS84,0.1,7.0,,,,,Bauhinia cunninghamii,13.0,0.0,Gyrocarpus sp.,1.0,0.0,Corymbia dichromphloia,1.0,1.0,Atalaya hemiglauca,2.0,0.0,Acacia hemignosta,2.0,0.0,,,,,,,,,,,,,,,,,,,Bauhinia cunninghamii,15.0,0.0,Gyrocarpus sp.,2.0,0.0,,,,,,,,,,,,,,,,,,,,,,,,,,,,Bauhinia cunninghamii,6.0,1.0,Gyrocarpus sp.,1.0,0.0,Corymbia dichromphloia,3.0,1.0,Atalaya hemiglauca,1.0,0.0,,,,,,,,,,,,,,,,,,,,,,Bauhinia cunninghamii,9.0,6.0,Gyrocarpus sp.,1.0,0.0,Corymbia dichromphloia,1.0,0.0,,,,,,,,,,,,,,,,,,,,,,,,,Bauhinia cunninghamii,21.0,0.0,Corymbia dichromphloia,1.0,0.0,Atalaya hemiglauca,1.0,0.0,,,,,,,,,,,,,,,,,,,,,,,,,Bauhinia cunninghamii,7.0,5.0,Gyrocarpus sp.,1.0,0.0,Corymbia dichromphloia,2.0,1.0,Corymbia terminalis,1.0,0.0,,,,,,,,,,,,,,,,,,,,,,Bauhinia cunninghamii,13.0,8.0,Gyrocarpus sp.,2.0,0.0,Corymbia dichromphloia,1.0,0.0,Acacia holosericea,1.0,0.0,,,,,,,,,,,,,,,,,,,,,,el02.2013_1ha,el02.2013_1ha,0.9486236572265624,7.292816162109375,4.024104309082033,4.1324424743652335,1.7505602876754929,2.646656036376953,4.1324424743652335,5.218652725219727,6.411439514160165,7.116540832519532
0,88,nc01,2013-04-14 00:00:00,20130414,2013,2013-04-14,53.0,263120.999147,7438071.99971,,,GDA94,0.25,7.0,,,,,Eucalyptus microtheca,9.0,2.0,Exocarpos parvifolia,5.0,4.0,Acacia stenophylla,2.0,1.0,,,,,,,,,,,,,,,,,,,,,,,,,Eucalyptus microtheca,11.0,1.0,Exocarpos parvifolia,10.0,1.0,Acacia stenophylla,1.0,0.0,,,,,,,,,,,,,,,,,,,,,,,,,Eucalyptus microtheca,15.0,0.0,Exocarpos parvifolia,3.0,0.0,Acacia stenophylla,2.0,0.0,,,,,,,,,,,,,,,,,,,,,,,,,Eucalyptus microtheca,16.0,1.0,Exocarpos parvifolia,5.0,1.0,,,,,,,,,,,,,,,,,,,,,,,,,,,,Eucalyptus microtheca,15.0,3.0,Exocarpos parvifolia,13.0,2.0,Acacia stenophylla,3.0,1.0,,,,,,,,,,,,,,,,,,,,,,,,,Eucalyptus microtheca,14.0,1.0,Exocarpos parvifolia,17.0,2.0,,,,,,,,,,,,,,,,,,,,,,,,,,,,Eucalyptus microtheca,15.0,1.0,Exocarpos parvifolia,7.0,0.0,Acacia stenophylla,2.0,0.0,,,,,,,,,,,,,,,,,,,,,,,,,nc01.2013_1ha,nc01.2013_1ha,,,,,,,,,,
0,89,nc02,2013-04-14 00:00:00,20130414,2013,2013-04-14,53.0,331033.0,8080603.0,,,GDA94,0.25,7.0,,,,,Eucalyptus microtheca,12.0,0.0,Excoecaria sp.,6.0,0.0,Lysiphyllum cunninghamii,4.0,0.0,,,,,,,,,,,,,,,,,,,,,,,,,Eucalyptus microtheca,6.0,0.0,Excoecaria sp.,5.0,0.0,Lysiphyllum cunninghamii,4.0,0.0,,,,,,,,,,,,,,,,,,,,,,,,,Eucalyptus microtheca,10.0,1.0,Excoecaria sp.,6.0,4.0,Lysiphyllum cunninghamii,2.0,0.0,P. careya,1.0,0.0,,,,,,,,,,,,,,,,,,,,,,Eucalyptus microtheca,7.0,0.0,Excoecaria sp.,2.0,0.0,Lysiphyllum cunninghamii,5.0,0.0,,,,,,,,,,,,,,,,,,,,,,,,,Eucalyptus microtheca,9.0,0.0,Excoecaria sp.,2.0,1.0,Lysiphyllum cunninghamii,6.0,0.0,P. careya,2.0,0.0,,,,,,,,,,,,,,,,,,,,,,Eucalyptus microtheca,17.0,1.0,Excoecaria sp.,3.0,0.0,,,,,,,,,,,,,,,,,,,,,,,,,,,,Eucalyptus microtheca,9.0,0.0,Excoecaria sp.,3.0,0.0,Lysiphyllum cunninghamii,10.0,0.0,,,,,,,,,,,,,,,,,,,,,,,,,nc02.2013_1ha,nc02.2013_1ha,4.735466003417969,6.157676696777344,5.204639911651611,4.9941253662109375,0.4426145120172673,4.919013977050781,4.9941253662109375,5.3380393981933585,6.128677368164063,6.151876831054692
0,90,nc03,2013-04-14 00:00:00,20130414,2013,2013-04-14,53.0,331982.0,8079271.0,,,GDA94,0.1,7.0,,,,,Eucalyptus microtheca,20.0,7.0,Excoecaria parvifolia,8.0,0.0,,,,,,,,,,,,,,,,,,,,,,,,,,,,Eucalyptus microtheca,19.0,1.0,Excoecaria parvifolia,8.0,1.0,,,,,,,,,,,,,,,,,,,,,,,,,,,,Eucalyptus microtheca,25.0,3.0,,,,,,,,,,,,,,,,,,,,,,,,,,,,,,,Eucalyptus microtheca,18.0,4.0,Excoecaria parvifolia,6.0,0.0,,,,,,,,,,,,,,,,,,,,,,,,,,,,Eucalyptus microtheca,25.0,2.0,Exocoecaria parvifolia,7.0,0.0,,,,,,,,,,,,,,,,,,,,,,,,,,,,Eucalyptus microtheca,9.0,1.0,Excoecaria parvifolia,2.0,0.0,,,,,,,,,,,,,,,,,,,,,,,,,,,,Eucalyptus microtheca,21.0,2.0,Excoecaria parvifolia,5.0,1.0,,,,,,,,,,,,,,,,,,,,,,,,,,,,nc03.2013_1ha,nc03.2013_1ha,5.312522888183594,6.6551513671875,6.001083850860597,6.013134002685548,0.3731508331180836,5.680438995361327,6.013134002685548,6.3100318908691415,6.4594688415527335,6.616014862060553
0,91,lim01,2012-05-29 00:00:00,20120529,2012,2012-05-29,53.0,579501.0,8196202.0,,,GDA94,0.1,7.0,,,,,Eucalyptus leucophloia,21.0,9.0,Corymbia terminalis,1.0,0.0,E. chlorostachys,3.0,0.0,Lysiphyllum cunninghamii,3.0,0.0,Erythroxylum ellipticum,1.0,0.0,,,,,,,,,,,,,,,,,,,Eucalyptus leucophloia,32.0,5.0,Corymbia terminalis,2.0,0.0,E. chlorostachys,2.0,0.0,Lysiphyllum cunninghamii,1.0,0.0,,,,,,,,,,,,,,,,,,,,,,Eucalyptus leucophloia,15.0,13.0,E. chlorostachys,4.0,0.0,Lysiphyllum cunninghamii,1.0,0.0,Eucalyptus tectifica,4.0,0.0,,,,,,,,,,,,,,,,,,,,,,Eucalyptus leucophloia,18.0,9.0,E. chlorostachys,2.0,0.0,Lysiphyllum cunninghamii,2.0,0.0,Eucalyptus tectifica,4.0,0.0,Carissa lanceolata,2.0,0.0,P. pubescens,1.0,0.0,,,,,,,,,,,,,,,,Eucalyptus leucophloia,15.0,4.0,Corymbia terminalis,1.0,0.0,E. chlorostachys,6.0,0.0,Lysiphyllum cunninghamii,1.0,0.0,Eucalyptus tectifica,1.0,0.0,Brachychiton diversifolius,1.0,0.0,,,,,,,,,,,,,,,,Eucalyptus leucophloia,17.0,3.0,Corymbia terminalis,2.0,0.0,E. chlorostachys,10.0,0.0,Eucalyptus tectifica,3.0,0.0,Brachychiton diversifolius,3.0,0.0,,,,,,,,,,,,,,,,,,,Eucalyptus leucophloia,29.0,11.0,Lysiphyllum cunninghamii,2.0,0.0,P. pubescens,1.0,0.0,Terminalia canescens,1.0,0.0,,,,,,,,,,,,,,,,,,,,,,lim01.2012_1ha,lim01.2012_1ha,8.362190246582031,11.851966857910154,10.20622695119758,9.79547119140625,1.0891079462077051,9.387012481689453,9.79547119140625,11.33697509765625,11.827714538574215,11.847116394042954
0,93,lim03,2012-05-30 00:00:00,20120530,2012,2012-05-30,53.0,573428.0,8181141.0,,,GDA94,0.25,7.0,,,,,E. chlorostachys,6.0,1.0,Eucalyptus chlorophylla,16.0,1.0,Corymbia terminalis,4.0,0.0,,,,,,,,,,,,,,,,,,,,,,,,,E. chlorostachys,6.0,0.0,Eucalyptus chlorophylla,13.0,0.0,Corymbia terminalis,1.0,0.0,,,,,,,,,,,,,,,,,,,,,,,,,E. chlorostachys,8.0,2.0,Eucalyptus chlorophylla,13.0,0.0,Corymbia terminalis,6.0,0.0,,,,,,,,,,,,,,,,,,,,,,,,,E. chlorostachys,8.0,4.0,Eucalyptus chlorophylla,4.0,1.0,Corymbia terminalis,1.0,0.0,,,,,,,,,,,,,,,,,,,,,,,,,E. chlorostachys,12.0,0.0,Eucalyptus chlorophylla,14.0,0.0,Corymbia terminalis,3.0,0.0,,,,,,,,,,,,,,,,,,,,,,,,,E. chlorostachys,6.0,0.0,Eucalyptus chlorophylla,14.0,1.0,Corymbia terminalis,0.0,1.0,Bauhinia cunninghamii,2.0,0.0,,,,,,,,,,,,,,,,,,,,,,E. chlorostachys,7.0,0.0,Eucalyptus chlorophylla,18.0,1.0,Corymbia terminalis,4.0,0.0,Bauhinia cunninghamii,1.0,0.0,,,,,,,,,,,,,,,,,,,,,,lim03.2012_1ha,lim03.2012_1ha,10.186286926269533,16.274978637695312,14.226373291015621,14.490402221679688,1.6308685430066314,13.472984313964846,14.490402221679688,15.433820724487305,16.237427139282218,16.26746833801269
0,94,lim04,2012-05-30 00:00:00,20120530,2012,2012-05-30,53.0,573458.0,8177216.0,,,GDA94,0.1,7.0,,,,,Corymbia grandifolia,2.0,0.0,Terminalia canescens,8.0,0.0,Grevillea refracta,5.0,2.0,Corymbia ferruginea,6.0,1.0,,,,,,,,,,,,,,,,,,,,,,Corymbia grandifolia,3.0,0.0,Terminalia canescens,7.0,3.0,Grevillea refracta,3.0,0.0,Corymbia ferruginea,10.0,0.0,E. chlorostachys,1.0,0.0,,,,,,,,,,,,,,,,,,,Corymbia grandifolia,3.0,0.0,Terminalia canescens,11.0,0.0,Grevillea refracta,6.0,0.0,Corymbia ferruginea,4.0,1.0,,,,,,,,,,,,,,,,,,,,,,Corymbia grandifolia,7.0,0.0,Terminalia canescens,3.0,0.0,Grevillea refracta,0.0,5.0,Corymbia ferruginea,5.0,1.0,,,,,,,,,,,,,,,,,,,,,,Corymbia grandifolia,3.0,0.0,Terminalia canescens,8.0,1.0,Corymbia ferruginea,7.0,1.0,E. chlorostachys,1.0,0.0,Brachychiton diversifolius,1.0,0.0,,,,,,,,,,,,,,,,,,,Corymbia grandifolia,2.0,1.0,Terminalia canescens,4.0,1.0,Grevillea refracta,6.0,2.0,Corymbia ferruginea,7.0,0.0,,,,,,,,,,,,,,,,,,,,,,Corymbia grandifolia,2.0,0.0,Terminalia canescens,15.0,0.0,Grevillea refracta,6.0,0.0,Corymbia ferruginea,5.0,1.0,,,,,,,,,,,,,,,,,,,,,,lim04.2012_1ha,lim04.2012_1ha,8.897994995117188,12.844001770019533,11.260508728027348,11.043548583984377,1.0266783371192485,10.79877471923828,11.043548583984377,12.31890106201172,12.68272552490235,12.806781921386714
0,96,lim06,2012-05-30 00:00:00,20120530,2012,2012-05-30,53.0,576019.0,8196839.0,,,GDA94,0.1,7.0,,,,,Terminalia canescens,8.0,1.0,Corymbia grandifolia,9.0,0.0,Corymbia terminalis,7.0,0.0,Bauhinia cunninghamii,1.0,0.0,Hakea arborescens,2.0,0.0,Eucalyptus chlorophylla,5.0,1.0,Petalostigma pubescens,5.0,4.0,Brachychiton diversifolius,1.0,0.0,E. chlorostachys,3.0,0.0,,,,,,,Terminalia canescens,12.0,6.0,Corymbia grandifolia,7.0,0.0,Corymbia terminalis,8.0,2.0,Bauhinia cunninghamii,3.0,0.0,Hakea arborescens,6.0,0.0,Eucalyptus chlorophylla,4.0,0.0,Petalostigma pubescens,4.0,0.0,Brachychiton diversifolius,1.0,0.0,E. chlorostachys,6.0,0.0,,,,,,,Terminalia canescens,5.0,3.0,Corymbia grandifolia,8.0,0.0,Hakea arborescens,6.0,1.0,Eucalyptus chlorophylla,5.0,3.0,Petalostigma pubescens,10.0,2.0,E. chlorostachys,3.0,2.0,,,,,,,,,,,,,,,,Terminalia canescens,5.0,1.0,Corymbia grandifolia,1.0,0.0,Corymbia terminalis,2.0,0.0,Hakea arborescens,2.0,0.0,Eucalyptus chlorophylla,9.0,1.0,Petalostigma pubescens,11.0,2.0,Brachychiton diversifolius,1.0,0.0,E. chlorostachys,8.0,1.0,,,,,,,,,,Terminalia canescens,3.0,2.0,Corymbia grandifolia,7.0,0.0,Corymbia terminalis,9.0,0.0,Bauhinia cunninghamii,2.0,0.0,Hakea arborescens,1.0,0.0,Eucalyptus chlorophylla,3.0,0.0,Petalostigma pubescens,2.0,0.0,Brachychiton diversifolius,1.0,0.0,E. chlorostachys,2.0,0.0,,,,,,,Terminalia canescens,1.0,0.0,Corymbia grandifolia,5.0,0.0,Corymbia terminalis,5.0,0.0,Bauhinia cunninghamii,1.0,0.0,Hakea arborescens,3.0,0.0,Eucalyptus chlorophylla,6.0,1.0,Petalostigma pubescens,4.0,0.0,Brachychiton diversifolius,1.0,0.0,E. chlorostachys,17.0,0.0,,,,,,,Terminalia canescens,4.0,2.0,Corymbia grandifolia,5.0,0.0,Corymbia terminalis,8.0,0.0,Hakea arborescens,4.0,0.0,Eucalyptus chlorophylla,9.0,0.0,,,,,,,,,,,,,,,,,,,lim06.2012_1ha,lim06.2012_1ha,9.24689483642578,12.705558776855467,11.279403686523438,11.427238464355467,1.0145128686587757,10.541509628295898,11.427238464355467,12.091337203979492,12.543053054809564,12.673057632446287
0,97,legu01,2012-10-05 00:00:00,20121005,2012,2012-10-05,52.0,527394.0,8299333.0,,,WGS84,0.1,7.0,,,,,Corymbia polycarpa,4.0,0.0,Melaleuca nervoa,2.0,0.0,Melaleuca viridiflora,5.0,0.0,,,,,,,,,,,,,,,,,,,,,,,,,Corymbia polycarpa,4.0,0.0,Melaleuca nervoa,2.0,0.0,Melaleuca viridiflora,10.0,0.0,Acacia sp.,1.0,0.0,,,,,,,,,,,,,,,,,,,,,,Corymbia polycarpa,2.0,0.0,Melaleuca nervoa,1.0,0.0,Melaleuca viridiflora,8.0,0.0,Acacia sp.,3.0,0.0,,,,,,,,,,,,,,,,,,,,,,Corymbia polycarpa,1.0,0.0,Melaleuca viridiflora,18.0,0.0,,,,,,,,,,,,,,,,,,,,,,,,,,,,Corymbia polycarpa,4.0,1.0,Melaleuca nervoa,4.0,0.0,Melaleuca viridiflora,1.0,0.0,Acacia sp.,10.0,1.0,,,,,,,,,,,,,,,,,,,,,,Corymbia polycarpa,3.0,1.0,Melaleuca nervoa,3.0,0.0,Acacia sp.,9.0,2.0,,,,,,,,,,,,,,,,,,,,,,,,,Corymbia polycarpa,3.0,0.0,Melaleuca nervoa,1.0,0.0,Melaleuca viridiflora,16.0,0.0,,,,,,,,,,,,,,,,,,,,,,,,,legu01.2012_1ha,legu01.2012_1ha,8.197036743164062,11.48199462890625,9.913537216186526,9.768943786621094,0.8682500129378821,9.320083618164062,9.768943786621094,10.409027099609377,11.421923828124989,11.469980468750007
0,100,legu04,2012-10-07 00:00:00,20121007,2012,2012-10-07,52.0,527634.0,8297780.0,,,WGS84,0.1,7.0,,,,,E. tetrodonta,15.0,2.0,Corymbia ferruginea,1.0,0.0,Grevillea decurrens,4.0,0.0,Terminalia canescens,1.0,0.0,Eucalyptus tectifica,2.0,0.0,,,,,,,,,,,,,,,,,,,E. tetrodonta,7.0,0.0,Corymbia ferruginea,1.0,0.0,E. chlorostachys,1.0,0.0,Grevillea decurrens,3.0,0.0,Terminalia canescens,2.0,0.0,Terminalia carpentariae,1.0,0.0,Eucalyptus tectifica,2.0,0.0,,,,,,,,,,,,,E. tetrodonta,17.0,0.0,Corymbia ferruginea,1.0,0.0,E. chlorostachys,6.0,0.0,,,,,,,,,,,,,,,,,,,,,,,,,E. tetrodonta,16.0,1.0,Corymbia ferruginea,2.0,0.0,E. chlorostachys,4.0,0.0,Terminalia canescens,1.0,0.0,Eucalyptus tectifica,4.0,0.0,,,,,,,,,,,,,,,,,,,E. tetrodonta,12.0,0.0,Corymbia ferruginea,1.0,0.0,E. chlorostachys,6.0,0.0,Terminalia canescens,3.0,0.0,Terminalia carpentariae,2.0,0.0,Eucalyptus tectifica,3.0,0.0,,,,,,,,,,,,,,,,E. tetrodonta,14.0,0.0,Corymbia ferruginea,2.0,0.0,E. chlorostachys,3.0,0.0,Terminalia canescens,5.0,0.0,,,,,,,,,,,,,,,,,,,,,,E. tetrodonta,11.0,1.0,Corymbia ferruginea,2.0,0.0,E. chlorostachys,7.0,0.0,Grevillea decurrens,1.0,0.0,Terminalia canescens,2.0,0.0,Eucalyptus tectifica,3.0,0.0,,,,,,,,,,,,,,,,legu04.2012_1ha,legu04.2012_1ha,9.281478881835938,12.21160125732422,11.29152011871338,11.48664093017578,0.7824140444033743,11.044628143310547,11.48664093017578,11.816476821899414,12.139554977416992,12.197192001342769
0,101,legu05,2012-10-07 00:00:00,20121007,2012,2012-10-07,52.0,525845.0,8298997.0,,,WGS84,0.1,7.0,,,,,Acacia sp.,21.0,0.0,E. tetrodonta,1.0,0.0,E. miniata,6.0,0.0,,,,,,,,,,,,,,,,,,,,,,,,,Acacia sp.,14.0,1.0,E. tetrodonta,5.0,1.0,E. miniata,13.0,3.0,,,,,,,,,,,,,,,,,,,,,,,,,Acacia sp.,33.0,0.0,E. tetrodonta,2.0,0.0,E. miniata,2.0,0.0,Terminalia carpentariae,1.0,0.0,,,,,,,,,,,,,,,,,,,,,,Acacia sp.,35.0,3.0,E. tetrodonta,2.0,0.0,E. miniata,3.0,0.0,,,,,,,,,,,,,,,,,,,,,,,,,Acacia sp.,32.0,0.0,E. tetrodonta,2.0,0.0,E. miniata,6.0,0.0,Terminalia carpentariae,1.0,0.0,,,,,,,,,,,,,,,,,,,,,,Acacia sp.,20.0,5.0,E. tetrodonta,3.0,0.0,E. miniata,3.0,0.0,Terminalia carpentariae,1.0,0.0,Petalostigma pubescens,1.0,0.0,,,,,,,,,,,,,,,,,,,Acacia sp.,20.0,1.0,E. tetrodonta,2.0,1.0,E. miniata,8.0,1.0,,,,,,,,,,,,,,,,,,,,,,,,,legu05.2012_1ha,legu05.2012_1ha,10.384536743164062,18.47572326660156,16.1078462600708,16.792644500732422,2.139986080236074,14.573129653930664,16.792644500732422,17.57082748413086,18.290964126586914,18.43877143859864
0,102,legu06,2012-10-07 00:00:00,20121007,2012,2012-10-07,52.0,518868.0,8305642.0,,,WGS84,0.25,7.0,,,,,Corymbia bella,8.0,1.0,Acacia holosericea,13.0,0.0,Corymbia polycarpa,1.0,0.0,Terminalia grandiflora,1.0,0.0,P. careya,1.0,0.0,,,,,,,,,,,,,,,,,,,Corymbia bella,7.0,0.0,Acacia holosericea,6.0,0.0,Corymbia polycarpa,3.0,0.0,P. careya,3.0,0.0,Strychnos lucida,1.0,0.0,Alstonia species,1.0,0.0,,,,,,,,,,,,,,,,Corymbia bella,11.0,0.0,Acacia holosericea,1.0,0.0,Corymbia polycarpa,3.0,0.0,Terminalia grandiflora,2.0,0.0,P. careya,3.0,0.0,,,,,,,,,,,,,,,,,,,Corymbia bella,9.0,0.0,Acacia holosericea,3.0,0.0,Corymbia polycarpa,4.0,0.0,Terminalia grandiflora,1.0,0.0,P. careya,2.0,0.0,,,,,,,,,,,,,,,,,,,Corymbia bella,9.0,0.0,Acacia holosericea,7.0,0.0,Corymbia polycarpa,3.0,0.0,P. careya,3.0,0.0,Ficus scobina,1.0,0.0,Lysiphyllum cunninghamii,1.0,0.0,,,,,,,,,,,,,,,,Corymbia bella,8.0,0.0,Acacia holosericea,2.0,0.0,Corymbia polycarpa,5.0,0.0,Terminalia grandiflora,3.0,0.0,P. careya,2.0,0.0,Ficus scobina,6.0,0.0,Lysiphyllum cunninghamii,2.0,0.0,,,,,,,,,,,,,Corymbia bella,12.0,1.0,Acacia holosericea,11.0,0.0,Corymbia polycarpa,2.0,0.0,Terminalia grandiflora,1.0,0.0,P. careya,3.0,0.0,,,,,,,,,,,,,,,,,,,legu06.2012_1ha,legu06.2012_1ha,15.317878723144533,20.01132202148437,17.932709121704107,18.149337768554688,1.4163287460238994,16.734533309936527,18.149337768554688,19.313209533691406,19.65402107238769,19.939861831665027
0,103,legu07,2012-10-08 00:00:00,20121008,2012,2012-10-08,52.0,513788.0,8299653.0,,,WGS84,0.25,7.0,,,,,E. miniata,16.0,2.0,E. tetrodonta,5.0,0.0,Acacia sp.,1.0,0.0,Buchanania obovata,3.0,0.0,P. careya,5.0,0.0,Terminalia carpentariae,1.0,0.0,,,,,,,,,,,,,,,,E. miniata,7.0,2.0,E. tetrodonta,2.0,0.0,Acacia sp.,4.0,0.0,Buchanania obovata,2.0,0.0,P. careya,2.0,0.0,Terminalia carpentariae,3.0,0.0,P. pubescens,2.0,0.0,,,,,,,,,,,,,E. miniata,17.0,2.0,E. tetrodonta,4.0,0.0,P. careya,1.0,0.0,Terminalia carpentariae,1.0,0.0,P. pubescens,1.0,0.0,Grevillea agrifolia,1.0,0.0,,,,,,,,,,,,,,,,E. miniata,15.0,0.0,E. tetrodonta,4.0,0.0,Acacia sp.,2.0,0.0,Buchanania obovata,2.0,0.0,P. careya,5.0,0.0,Terminalia carpentariae,2.0,0.0,,,,,,,,,,,,,,,,E. miniata,10.0,0.0,E. tetrodonta,5.0,0.0,Acacia sp.,0.0,1.0,Petalostigma pubescens,10.0,0.0,,,,,,,,,,,,,,,,,,,,,,E. miniata,16.0,1.0,E. tetrodonta,3.0,0.0,Acacia sp.,3.0,3.0,Buchanania obovata,1.0,0.0,P. careya,2.0,0.0,Terminalia carpentariae,1.0,0.0,Petalostigma pubescens,2.0,0.0,Owinea sp.,1.0,0.0,,,,,,,,,,E. miniata,11.0,1.0,E. tetrodonta,3.0,0.0,Acacia sp.,7.0,0.0,Buchanania obovata,3.0,0.0,P. careya,2.0,0.0,Terminalia carpentariae,3.0,0.0,Petalostigma pubescens,4.0,0.0,Persoonia falcata,2.0,0.0,,,,,,,,,,legu07.2012_1ha,legu07.2012_1ha,13.18427276611328,19.11368560791016,16.477068176269526,16.303985595703125,1.4686307447204043,15.76092529296875,16.303985595703125,17.836776733398438,18.437855529785168,18.959739685058594
0,104,legu08,2012-10-08 00:00:00,20121008,2012,2012-10-08,52.0,518282.0,8293176.0,,,WGS84,0.1,7.0,,,,,E. miniata,10.0,4.0,E. tetrodonta,10.0,0.0,Buchanania obovata,8.0,0.0,,,,,,,,,,,,,,,,,,,,,,,,,E. miniata,18.0,4.0,E. tetrodonta,11.0,1.0,Buchanania obovata,2.0,0.0,P. careya,2.0,0.0,Terminalia carpentariae,1.0,0.0,,,,,,,,,,,,,,,,,,,E. miniata,17.0,2.0,E. tetrodonta,11.0,1.0,Buchanania obovata,1.0,0.0,Grevillea agrifolia,4.0,0.0,,,,,,,,,,,,,,,,,,,,,,E. miniata,15.0,2.0,E. tetrodonta,14.0,2.0,Buchanania obovata,2.0,0.0,Terminalia carpentariae,1.0,0.0,,,,,,,,,,,,,,,,,,,,,,E. miniata,16.0,4.0,E. tetrodonta,7.0,0.0,Buchanania obovata,2.0,0.0,Terminalia carpentariae,1.0,0.0,,,,,,,,,,,,,,,,,,,,,,E. miniata,15.0,3.0,E. tetrodonta,13.0,0.0,,,,,,,,,,,,,,,,,,,,,,,,,,,,E. miniata,13.0,3.0,E. tetrodonta,12.0,2.0,Buchanania obovata,1.0,0.0,P. careya,1.0,0.0,Terminalia carpentariae,3.0,0.0,,,,,,,,,,,,,,,,,,,legu08.2012_1ha,legu08.2012_1ha,13.130615234375,18.63239288330078,16.51175270080566,16.998844146728516,1.5508426974282157,15.303335189819336,16.998844146728516,17.83365249633789,18.23661994934082,18.553238296508795
0,105,jdr01,2012-05-22 00:00:00,20120522,2012,2012-05-22,52.0,780970.0,8463596.0,,,GDA94,0.75,7.0,,,,,E. miniata,26.0,0.0,,,,,,,,,,,,,,,,,,,,,,,,,,,,,,,E. miniata,25.0,0.0,,,,,,,,,,,,,,,,,,,,,,,,,,,,,,,E. miniata,22.0,0.0,Corymbia sp.,4.0,0.0,,,,,,,,,,,,,,,,,,,,,,,,,,,,E. miniata,19.0,0.0,,,,,,,,,,,,,,,,,,,,,,,,,,,,,,,E. miniata,18.0,0.0,Corymbia sp.,5.0,0.0,,,,,,,,,,,,,,,,,,,,,,,,,,,,E. miniata,13.0,1.0,Corymbia sp.,8.0,0.0,,,,,,,,,,,,,,,,,,,,,,,,,,,,E. miniata,19.0,0.0,Corymbia sp.,4.0,0.0,,,,,,,,,,,,,,,,,,,,,,,,,,,,jdr01.2012_1ha,jdr01.2012_1ha,13.89313507080078,18.382164001464844,16.346044921875006,16.394550323486328,1.238240152624299,15.720479965209961,16.394550323486328,17.367891311645508,18.089579772949218,18.32364715576172
0,106,jdr02,2012-05-23 00:00:00,20120523,2012,2012-05-23,52.0,781061.0,8466531.0,,,GDA94,0.5,7.0,,,,,E. tetrodonta,19.0,2.0,Corymbia sp.,9.0,0.0,,,,,,,,,,,,,,,,,,,,,,,,,,,,E. tetrodonta,16.0,0.0,Corymbia sp.,3.0,0.0,,,,,,,,,,,,,,,,,,,,,,,,,,,,E. tetrodonta,22.0,1.0,Corymbia sp.,5.0,0.0,,,,,,,,,,,,,,,,,,,,,,,,,,,,E. tetrodonta,23.0,2.0,Corymbia sp.,4.0,0.0,,,,,,,,,,,,,,,,,,,,,,,,,,,,E. tetrodonta,26.0,1.0,Corymbia sp.,4.0,0.0,,,,,,,,,,,,,,,,,,,,,,,,,,,,E. tetrodonta,24.0,1.0,Corymbia sp.,10.0,0.0,,,,,,,,,,,,,,,,,,,,,,,,,,,,E. tetrodonta,20.0,1.0,Corymbia sp.,7.0,0.0,,,,,,,,,,,,,,,,,,,,,,,,,,,,jdr02.2012_1ha,jdr02.2012_1ha,14.192230224609375,17.869003295898438,16.02933898925781,15.95306396484375,1.0651371554472342,15.155426025390625,15.95306396484375,16.956169128417972,17.472245788574227,17.77560302734375
0,107,jdr03,2012-05-23 00:00:00,20120523,2012,2012-05-23,52.0,777576.0,8467718.0,,,GDA94,0.25,7.0,,,,,Syzygium sp.,37.0,2.0,,,,,,,,,,,,,,,,,,,,,,,,,,,,,,,Syzygium sp.,27.0,1.0,,,,,,,,,,,,,,,,,,,,,,,,,,,,,,,Syzygium sp.,36.0,2.0,,,,,,,,,,,,,,,,,,,,,,,,,,,,,,,Syzygium sp.,28.0,0.0,,,,,,,,,,,,,,,,,,,,,,,,,,,,,,,Syzygium sp.,40.0,1.0,,,,,,,,,,,,,,,,,,,,,,,,,,,,,,,Syzygium sp.,29.0,0.0,,,,,,,,,,,,,,,,,,,,,,,,,,,,,,,Syzygium sp.,39.0,0.0,,,,,,,,,,,,,,,,,,,,,,,,,,,,,,,jdr03.2012_1ha,jdr03.2012_1ha,9.042366027832033,15.28863525390625,13.259135246276855,13.173381805419922,1.4604267573706744,12.532331466674805,13.173381805419922,14.30095100402832,15.15837287902832,15.262582778930664
0,108,jdr04,2012-05-23 00:00:00,20120523,2012,2012-05-23,52.0,780647.0,8453538.0,,,GDA94,0.25,7.0,,,,,species 1,15.0,1.0,,,,,,,,,,,,,,,,,,,,,,,,,,,,,,,species 1,18.0,1.0,,,,,,,,,,,,,,,,,,,,,,,,,,,,,,,species 1,4.0,0.0,,,,,,,,,,,,,,,,,,,,,,,,,,,,,,,species 1,6.0,0.0,species 2,3.0,0.0,,,,,,,,,,,,,,,,,,,,,,,,,,,,species 1,6.0,0.0,,,,,,,,,,,,,,,,,,,,,,,,,,,,,,,species 1,19.0,0.0,species 2,3.0,0.0,,,,,,,,,,,,,,,,,,,,,,,,,,,,species 1,5.0,0.0,,,,,,,,,,,,,,,,,,,,,,,,,,,,,,,jdr04.2012_1ha,jdr04.2012_1ha,3.8288421630859375,6.7421875,5.152087783813472,5.2037925720214835,0.772568830887562,4.467435836791992,5.2037925720214835,5.569873809814453,6.638121795654299,6.721374359130862
0,110,auv01,2012-10-09 00:00:00,20121009,2012,2012-10-09,52.0,617217.0,8277135.0,,,GDA94,0.1,7.0,9.0,0.35,,,Lysiphyllum cunninghamii,30.0,2.0,Eucalyptus microtheca,1.0,0.0,Atalaya hemiglauca,2.0,0.0,,,,,,,,,,,,,,,,,,,,,,,,,Lysiphyllum cunninghamii,19.0,0.0,Eucalyptus microtheca,4.0,0.0,,,,,,,,,,,,,,,,,,,,,,,,,,,,Lysiphyllum cunninghamii,15.0,1.0,Eucalyptus microtheca,3.0,0.0,Atalaya hemiglauca,2.0,0.0,Terminalia volucris,9.0,0.0,,,,,,,,,,,,,,,,,,,,,,Lysiphyllum cunninghamii,30.0,0.0,Eucalyptus microtheca,6.0,0.0,Atalaya hemiglauca,1.0,0.0,Terminalia volucris,6.0,1.0,,,,,,,,,,,,,,,,,,,,,,Lysiphyllum cunninghamii,25.0,1.0,Eucalyptus microtheca,5.0,0.0,Atalaya hemiglauca,3.0,0.0,,,,,,,,,,,,,,,,,,,,,,,,,Lysiphyllum cunninghamii,17.0,0.0,Terminalia volucris,5.0,2.0,,,,,,,,,,,,,,,,,,,,,,,,,,,,Lysiphyllum cunninghamii,25.0,0.0,Eucalyptus microtheca,3.0,0.0,Atalaya hemiglauca,2.0,0.0,Terminalia volucris,11.0,0.0,,,,,,,,,,,,,,,,,,,,,,auv01.2012_1ha,auv01.2012_1ha,4.6740264892578125,8.757316589355469,6.4964019775390645,6.473411560058594,1.0734111868914658,5.634153366088867,6.473411560058594,6.828733444213867,8.657693862915039,8.737392044067379
0,111,auv02,2012-10-10 00:00:00,20121010,2012,2012-10-10,52.0,610386.0,8266535.0,,,GDA94,0.1,7.0,11.0,0.5,,,Eucalyptus pruinosa,10.0,0.0,Brachychiton diversifolius,1.0,0.0,Terminalia arostrata,2.0,0.0,Eucalyptus terminalis,2.0,0.0,Corymbia confertiflora,3.0,1.0,Melaleuca minutifolia,1.0,0.0,,,,,,,,,,,,,,,,Eucalyptus pruinosa,16.0,1.0,Brachychiton diversifolius,4.0,0.0,Eucalyptus terminalis,2.0,0.0,Corymbia confertiflora,0.0,1.0,Lysiphyllum cunninghamii,1.0,0.0,,,,,,,,,,,,,,,,,,,Eucalyptus pruinosa,10.0,0.0,Brachychiton diversifolius,1.0,0.0,Terminalia arostrata,2.0,0.0,Corymbia confertiflora,6.0,0.0,Lysiphyllum cunninghamii,1.0,0.0,,,,,,,,,,,,,,,,,,,Eucalyptus pruinosa,14.0,1.0,Terminalia arostrata,2.0,0.0,Eucalyptus terminalis,2.0,0.0,Corymbia confertiflora,1.0,0.0,Lysiphyllum cunninghamii,3.0,0.0,Acacia sp.,1.0,0.0,,,,,,,,,,,,,,,,Eucalyptus pruinosa,18.0,3.0,Brachychiton diversifolius,1.0,0.0,Eucalyptus terminalis,1.0,0.0,Corymbia confertiflora,1.0,0.0,Lysiphyllum cunninghamii,2.0,0.0,Melaleuca minutifolia,10.0,0.0,,,,,,,,,,,,,,,,Eucalyptus pruinosa,11.0,0.0,Brachychiton diversifolius,3.0,0.0,Terminalia arostrata,2.0,0.0,Corymbia confertiflora,5.0,0.0,Melaleuca minutifolia,3.0,0.0,,,,,,,,,,,,,,,,,,,Eucalyptus pruinosa,14.0,0.0,Eucalyptus terminalis,3.0,0.0,Corymbia confertiflora,1.0,0.0,,,,,,,,,,,,,,,,,,,,,,,,,auv02.2012_1ha,auv02.2012_1ha,6.3150482177734375,11.747520446777346,8.753247985839849,8.409469604492188,1.3066513940226252,7.9856414794921875,8.409469604492188,9.6812744140625,10.851892089843746,11.55537689208984
0,112,auv03,2012-10-10 00:00:00,20121010,2012,2012-10-10,52.0,604892.0,8262852.0,,,GDA94,0.1,7.0,9.0,1.3,,,Lysiphyllum cunninghamii,8.0,0.0,Acacia valida,5.0,0.0,Atalaya hemiglauca,1.0,0.0,,,,,,,,,,,,,,,,,,,,,,,,,Lysiphyllum cunninghamii,3.0,0.0,,,,,,,,,,,,,,,,,,,,,,,,,,,,,,,Lysiphyllum cunninghamii,6.0,0.0,Acacia valida,6.0,0.0,Terminalia volucris,1.0,0.0,,,,,,,,,,,,,,,,,,,,,,,,,Lysiphyllum cunninghamii,5.0,0.0,Acacia valida,6.0,0.0,Atalaya hemiglauca,2.0,0.0,Terminalia volucris,1.0,0.0,,,,,,,,,,,,,,,,,,,,,,Lysiphyllum cunninghamii,6.0,0.0,Excoecaria parvifolia,3.0,0.0,,,,,,,,,,,,,,,,,,,,,,,,,,,,Lysiphyllum cunninghamii,6.0,0.0,Acacia valida,1.0,0.0,Excoecaria parvifolia,4.0,0.0,,,,,,,,,,,,,,,,,,,,,,,,,Lysiphyllum cunninghamii,4.0,0.0,Acacia valida,1.0,0.0,Atalaya hemiglauca,1.0,0.0,Terminalia volucris,1.0,0.0,Carissa lanceolata,2.0,0.0,,,,,,,,,,,,,,,,,,,auv03.2012_1ha,auv03.2012_1ha,6.3891448974609375,10.929893493652344,9.393486785888669,9.361469268798828,1.1301961009291202,8.540409088134767,9.361469268798828,10.295196533203123,10.855681991577145,10.915051193237305
0,114,auv05,2012-10-11 00:00:00,20121011,2012,2012-10-11,52.0,588622.0,8246171.0,,,GDA94,0.1,7.0,9.0,0.1,,,,,,,,,,,,,,,,,,,,,,,,,,,,,,,,,,,,Terminalia volucris,1.0,0.0,Terminalia platyptera,1.0,0.0,Lysiphyllum cunninghamii,1.0,0.0,,,,,,,,,,,,,,,,,,,,,,,,,,,,,,,,,,,,,,,,,,,,,,,,,,,,,,,,,,,,,,,,,,,,,,,,,,,,,,,,,,,,,,,,,,,,,,,,,,,,,,,,,,,,,,,,,,,,,,,,,,,,species 1,1.0,0.0,,,,,,,,,,,,,,,,,,,,,,,,,,,,,,,,,,,,,,,,,,,,,,,,,,,,,,,,,,,,,,,,auv05.2012_1ha,auv05.2012_1ha,4.634498596191406,6.8580169677734375,5.731631755828857,5.729133605957031,0.6652867251484977,5.310432434082031,5.729133605957031,6.225435256958008,6.676433563232423,6.821700286865236
