uid,site,date,zone,easting,northing,lattitude,longitude,datum,factor,count,north_sp01,north_l_sp01,north_d_sp01,north_sp02,north_l_sp02,north_d_sp02,north_sp03,north_l_sp03,north_d_sp03,north_sp04,north_l_sp04,north_d_sp04,north_sp05,north_l_sp05,north_d_sp05,north_sp06,north_l_sp06,north_d_sp06,north_sp07,north_l_sp07,north_d_sp07,north_sp08,north_l_sp08,north_d_sp08,north_sp09,north_l_sp09,north_d_sp09,north_sp10,north_l_sp10,north_d_sp10,north_sp11,north_l_sp11,north_d_sp11,cent_sp01,cent_l_sp01,cent_d_sp01,cent_sp02,cent_l_sp02,cent_d_sp02,cent_sp03,cent_l_sp03,cent_d_sp03,cent_sp04,cent_l_sp04,cent_d_sp04,cent_sp05,cent_l_sp05,cent_d_sp05,cent_sp06,cent_l_sp06,cent_d_sp06,cent_sp07,cent_l_sp07,cent_d_sp07,cent_sp08,cent_l_sp08,cent_d_sp08,cent_sp09,cent_l_sp09,cent_d_sp09,cent_sp10,cent_l_sp10,cent_d_sp10,cent_sp11,cent_l_sp11,cent_d_sp11,south_sp01,south_l_sp01,south_d_sp01,south_sp02,south_l_sp02,south_d_sp02,south_sp03,south_l_sp03,south_d_sp03,south_sp04,south_l_sp04,south_d_sp04,south_sp05,south_l_sp05,south_d_sp05,south_sp06,south_l_sp06,south_d_sp06,south_sp07,south_l_sp07,south_d_sp07,south_sp08,south_l_sp08,south_d_sp08,south_sp09,south_l_sp09,south_d_sp09,south_sp10,south_l_sp10,south_d_sp10,south_sp11,south_l_sp11,south_d_sp11,se_sp01,se_l_sp01,se_d_sp01,se_sp02,se_l_sp02,se_d_sp02,se_sp03,se_l_sp03,se_d_sp03,se_sp04,se_l_sp04,se_d_sp04,se_sp05,se_l_sp05,se_d_sp05,se_sp06,se_l_sp06,se_d_sp06,se_sp07,se_l_sp07,se_d_sp07,se_sp08,se_l_sp08,se_d_sp08,se_sp09,se_l_sp09,se_d_sp09,se_sp10,se_l_sp10,se_d_sp10,se_sp11,se_l_sp11,se_d_sp11,sw_sp01,sw_l_sp01,sw_d_sp01,sw_sp02,sw_l_sp02,sw_d_sp02,sw_sp03,sw_l_sp03,sw_d_sp03,sw_sp04,sw_l_sp04,sw_d_sp04,sw_sp05,sw_l_sp05,sw_d_sp05,sw_sp06,sw_l_sp06,sw_d_sp06,sw_sp07,sw_l_sp07,sw_d_sp07,sw_sp08,sw_l_sp08,sw_d_sp08,sw_sp09,sw_l_sp09,sw_d_sp09,sw_sp10,sw_l_sp10,sw_d_sp10,sw_sp11,sw_l_sp11,sw_d_sp11,ne_sp01,ne_l_sp01,ne_d_sp01,ne_sp02,ne_l_sp02,ne_d_sp02,ne_sp03,ne_l_sp03,ne_d_sp03,ne_sp04,ne_l_sp04,ne_d_sp04,ne_sp05,ne_l_sp05,ne_d_sp05,ne_sp06,ne_l_sp06,ne_d_sp06,ne_sp07,ne_l_sp07,ne_d_sp07,ne_sp08,ne_l_sp08,ne_d_sp08,ne_sp09,ne_l_sp09,ne_d_sp09,ne_sp10,ne_l_sp10,ne_d_sp10,ne_sp11,ne_l_sp11,ne_d_sp11,nw_sp01,nw_l_sp01,nw_d_sp01,nw_sp02,nw_l_sp02,nw_d_sp02,nw_sp03,nw_l_sp03,nw_d_sp03,nw_sp04,nw_l_sp04,nw_d_sp04,nw_sp05,nw_l_sp05,nw_d_sp05,nw_sp06,nw_l_sp06,nw_d_sp06,nw_sp07,nw_l_sp07,nw_d_sp07,nw_sp08,nw_l_sp08,nw_d_sp08,nw_sp09,nw_l_sp09,nw_d_sp09,nw_sp10,nw_l_sp10,nw_d_sp10,nw_sp11,nw_l_sp11,nw_d_sp11
,atl09a,5/10/2013 9:21,53,,,,,,,7,,,,,,,,,,,,,,,,,,,,,,,,,,,,,,,,,,,,,,,,,,,,,,,,,,,,,,,,,,,,,,,,,,,,,,,,,,,,,,,,,,,,,,,,,,,,,,,,,,,,,,,,,,,,,,,,,,,,,,,,,,,,,,,,,,,,,,,,,,,,,,,,,,,,,,,,,,,,,,,,,,,,,,,,,,,,,,,,,,,,,,,,,,,,,,,,,,,,,,,,,,,,,,,,,,,,,,,,,,,,,,,,,,,,,,,
,atl11a,5/14/2013 14:37,53,,,,,,,7,,,,,,,,,,,,,,,,,,,,,,,,,,,,,,,,,,,,,,,,,,,,,,,,,,,,,,,,,,,,,,,,,,,,,,,,,,,,,,,,,,,,,,,,,,,,,,,,,,,,,,,,,,,,,,,,,,,,,,,,,,,,,,,,,,,,,,,,,,,,,,,,,,,,,,,,,,,,,,,,,,,,,,,,,,,,,,,,,,,,,,,,,,,,,,,,,,,,,,,,,,,,,,,,,,,,,,,,,,,,,,,,,,,,,,,
,atl12a,5/14/2013 9:39,53,,,,,,,7,,,,,,,,,,,,,,,,,,,,,,,,,,,,,,,,,,,,,,,,,,,,,,,,,,,,,,,,,,,,,,,,,,,,,,,,,,,,,,,,,,,,,,,,,,,,,,,,,,,,,,,,,,,,,,,,,,,,,,,,,,,,,,,,,,,,,,,,,,,,,,,,,,,,,,,,,,,,,,,,,,,,,,,,,,,,,,,,,,,,,,,,,,,,,,,,,,,,,,,,,,,,,,,,,,,,,,,,,,,,,,,,,,,,,,,
,atl13a,5/13/2013 17:05,53,,,,,,,7,,,,,,,,,,,,,,,,,,,,,,,,,,,,,,,,,,,,,,,,,,,,,,,,,,,,,,,,,,,,,,,,,,,,,,,,,,,,,,,,,,,,,,,,,,,,,,,,,,,,,,,,,,,,,,,,,,,,,,,,,,,,,,,,,,,,,,,,,,,,,,,,,,,,,,,,,,,,,,,,,,,,,,,,,,,,,,,,,,,,,,,,,,,,,,,,,,,,,,,,,,,,,,,,,,,,,,,,,,,,,,,,,,,,,,,
,atl14a,5/13/2013 15:33,53,,,,,,,7,,,,,,,,,,,,,,,,,,,,,,,,,,,,,,,,,,,,,,,,,,,,,,,,,,,,,,,,,,,,,,,,,,,,,,,,,,,,,,,,,,,,,,,,,,,,,,,,,,,,,,,,,,,,,,,,,,,,,,,,,,,,,,,,,,,,,,,,,,,,,,,,,,,,,,,,,,,,,,,,,,,,,,,,,,,,,,,,,,,,,,,,,,,,,,,,,,,,,,,,,,,,,,,,,,,,,,,,,,,,,,,,,,,,,,,
,atl15a,5/14/2013 11:39,53,,,,,,,7,,,,,,,,,,,,,,,,,,,,,,,,,,,,,,,,,,,,,,,,,,,,,,,,,,,,,,,,,,,,,,,,,,,,,,,,,,,,,,,,,,,,,,,,,,,,,,,,,,,,,,,,,,,,,,,,,,,,,,,,,,,,,,,,,,,,,,,,,,,,,,,,,,,,,,,,,,,,,,,,,,,,,,,,,,,,,,,,,,,,,,,,,,,,,,,,,,,,,,,,,,,,,,,,,,,,,,,,,,,,,,,,,,,,,,,
,atl17a,5/11/2013 14:32,53,,,,,,,7,,,,,,,,,,,,,,,,,,,,,,,,,,,,,,,,,,,,,,,,,,,,,,,,,,,,,,,,,,,,,,,,,,,,,,,,,,,,,,,,,,,,,,,,,,,,,,,,,,,,,,,,,,,,,,,,,,,,,,,,,,,,,,,,,,,,,,,,,,,,,,,,,,,,,,,,,,,,,,,,,,,,,,,,,,,,,,,,,,,,,,,,,,,,,,,,,,,,,,,,,,,,,,,,,,,,,,,,,,,,,,,,,,,,,,,
,atl18a,5/15/2013 12:11,53,,,,,,,7,,,,,,,,,,,,,,,,,,,,,,,,,,,,,,,,,,,,,,,,,,,,,,,,,,,,,,,,,,,,,,,,,,,,,,,,,,,,,,,,,,,,,,,,,,,,,,,,,,,,,,,,,,,,,,,,,,,,,,,,,,,,,,,,,,,,,,,,,,,,,,,,,,,,,,,,,,,,,,,,,,,,,,,,,,,,,,,,,,,,,,,,,,,,,,,,,,,,,,,,,,,,,,,,,,,,,,,,,,,,,,,,,,,,,,,
,atl19a,5/15/2013 14:32,53,,,,,,,7,,,,,,,,,,,,,,,,,,,,,,,,,,,,,,,,,,,,,,,,,,,,,,,,,,,,,,,,,,,,,,,,,,,,,,,,,,,,,,,,,,,,,,,,,,,,,,,,,,,,,,,,,,,,,,,,,,,,,,,,,,,,,,,,,,,,,,,,,,,,,,,,,,,,,,,,,,,,,,,,,,,,,,,,,,,,,,,,,,,,,,,,,,,,,,,,,,,,,,,,,,,,,,,,,,,,,,,,,,,,,,,,,,,,,,,
,atl20a,5/15/2013 16:41,53,,,,,,,7,,,,,,,,,,,,,,,,,,,,,,,,,,,,,,,,,,,,,,,,,,,,,,,,,,,,,,,,,,,,,,,,,,,,,,,,,,,,,,,,,,,,,,,,,,,,,,,,,,,,,,,,,,,,,,,,,,,,,,,,,,,,,,,,,,,,,,,,,,,,,,,,,,,,,,,,,,,,,,,,,,,,,,,,,,,,,,,,,,,,,,,,,,,,,,,,,,,,,,,,,,,,,,,,,,,,,,,,,,,,,,,,,,,,,,,
,atl21a,5/16/2013 9:19,53,,,,,,,7,,,,,,,,,,,,,,,,,,,,,,,,,,,,,,,,,,,,,,,,,,,,,,,,,,,,,,,,,,,,,,,,,,,,,,,,,,,,,,,,,,,,,,,,,,,,,,,,,,,,,,,,,,,,,,,,,,,,,,,,,,,,,,,,,,,,,,,,,,,,,,,,,,,,,,,,,,,,,,,,,,,,,,,,,,,,,,,,,,,,,,,,,,,,,,,,,,,,,,,,,,,,,,,,,,,,,,,,,,,,,,,,,,,,,,,
,atl22a,5/11/2013 12:16,53,,,,,,,7,,,,,,,,,,,,,,,,,,,,,,,,,,,,,,,,,,,,,,,,,,,,,,,,,,,,,,,,,,,,,,,,,,,,,,,,,,,,,,,,,,,,,,,,,,,,,,,,,,,,,,,,,,,,,,,,,,,,,,,,,,,,,,,,,,,,,,,,,,,,,,,,,,,,,,,,,,,,,,,,,,,,,,,,,,,,,,,,,,,,,,,,,,,,,,,,,,,,,,,,,,,,,,,,,,,,,,,,,,,,,,,,,,,,,,,
,atl24a,7/17/2013 15:53,53,479082,8049399,,,,,7,,,,,,,,,,,,,,,,,,,,,,,,,,,,,,,,,,,,,,,,,,,,,,,,,,,,,,,,,,,,,,,,,,,,,,,,,,,,,,,,,,,,,,,,,,,,,,,,,,,,,,,,,,,,,,,,,,,,,,,,,,,,,,,,,,,,,,,,,,,,,,,,,,,,,,,,,,,,,,,,,,,,,,,,,,,,,,,,,,,,,,,,,,,,,,,,,,,,,,,,,,,,,,,,,,,,,,,,,,,,,,,,,,,,,,,
,btl01a,8/27/2013 16:22,53,377430,8087694,,,,,7,,,,,,,,,,,,,,,,,,,,,,,,,,,,,,,,,,,,,,,,,,,,,,,,,,,,,,,,,,,,,,,,,,,,,,,,,,,,,,,,,,,,,,,,,,,,,,,,,,,,,,,,,,,,,,,,,,,,,,,,,,,,,,,,,,,,,,,,,,,,,,,,,,,,,,,,,,,,,,,,,,,,,,,,,,,,,,,,,,,,,,,,,,,,,,,,,,,,,,,,,,,,,,,,,,,,,,,,,,,,,,,,,,,,,,,
,btl02a,8/27/2013 15:00,53,388444,8085812,,,,,7,,,,,,,,,,,,,,,,,,,,,,,,,,,,,,,,,,,,,,,,,,,,,,,,,,,,,,,,,,,,,,,,,,,,,,,,,,,,,,,,,,,,,,,,,,,,,,,,,,,,,,,,,,,,,,,,,,,,,,,,,,,,,,,,,,,,,,,,,,,,,,,,,,,,,,,,,,,,,,,,,,,,,,,,,,,,,,,,,,,,,,,,,,,,,,,,,,,,,,,,,,,,,,,,,,,,,,,,,,,,,,,,,,,,,,,
,btl03a,8/29/2013 11:25,53,421547,8099407,,,,,7,,,,,,,,,,,,,,,,,,,,,,,,,,,,,,,,,,,,,,,,,,,,,,,,,,,,,,,,,,,,,,,,,,,,,,,,,,,,,,,,,,,,,,,,,,,,,,,,,,,,,,,,,,,,,,,,,,,,,,,,,,,,,,,,,,,,,,,,,,,,,,,,,,,,,,,,,,,,,,,,,,,,,,,,,,,,,,,,,,,,,,,,,,,,,,,,,,,,,,,,,,,,,,,,,,,,,,,,,,,,,,,,,,,,,,,
,btl05a,8/30/2013 7:42,53,418098,8130841,,,,0.25,7,Acacia shirleyi,29,4,,,,,,,,,,,,,,,,,,,,,,,,,,,,,,,Dichromaflioa,4,0,Macropteranthes kekwickii,1,0,Acacia shirleyi,5,1,Shrub x,2,0,,,,,,,,,,,,,,,,,,,,,,Dichromaflioa,3,0,Macropteranthes kekwickii,3,0,Acacia shirleyi,3,1,,,,,,,,,,,,,,,,,,,,,,,,,Dichromaflioa,2,0,Acacia shirleyi,1,2,Shrub x,1,0,Acacia lysiphloia,0,1,,,,,,,,,,,,,,,,,,,,,,Dichromaflioa,4,0,Acacia shirleyi,13,8,,,,,,,,,,,,,,,,,,,,,,,,,,,,Dichromaflioa,2,0,Acacia shirleyi,4,4,,,,,,,,,,,,,,,,,,,,,,,,,,,,Dichromaflioa,3,0,Acacia shirleyi,34,3,,,,,,,,,,,,,,,,,,,,,,,,,,,
,btl06a,8/28/2013 10:40,53,390609,8103625,,,,,7,,,,,,,,,,,,,,,,,,,,,,,,,,,,,,,,,,,,,,,,,,,,,,,,,,,,,,,,,,,,,,,,,,,,,,,,,,,,,,,,,,,,,,,,,,,,,,,,,,,,,,,,,,,,,,,,,,,,,,,,,,,,,,,,,,,,,,,,,,,,,,,,,,,,,,,,,,,,,,,,,,,,,,,,,,,,,,,,,,,,,,,,,,,,,,,,,,,,,,,,,,,,,,,,,,,,,,,,,,,,,,,,,,,,,,,
,btl07a,8/28/2013 8:09,53,375115,8097701,,,,0.25,7,E. microtheca,1,0,Excoecaria parvifolia,15,0,,,,,,,,,,,,,,,,,,,,,,,,,,,,E. microtheca,4,0,Excoecaria parvifolia,10,0,,,,,,,,,,,,,,,,,,,,,,,,,,,,E. microtheca,9,0,Excoecaria parvifolia,4,0,,,,,,,,,,,,,,,,,,,,,,,,,,,,E. microtheca,13,0,Excoecaria parvifolia,9,0,,,,,,,,,,,,,,,,,,,,,,,,,,,,E. microtheca,7,1,Excoecaria parvifolia,4,0,,,,,,,,,,,,,,,,,,,,,,,,,,,,E. microtheca,6,0,Excoecaria parvifolia,17,0,,,,,,,,,,,,,,,,,,,,,,,,,,,,E. microtheca,6,0,Excoecaria parvifolia,8,3,,,,,,,,,,,,,,,,,,,,,,,,,,,
,cts02a,5/14/2013,52,769630.3894,7214997.592,,,,0.1,7,Acacia tetragonophylla,6,0,Acacia kempeana,1,0,Acacia aneura,0,9,,,,,,,,,,,,,,,,,,,,,,,,,Acacia tetragonophylla,3,0,Acacia kempeana,1,0,Acacia aneura,0,8,,,,,,,,,,,,,,,,,,,,,,,,,Acacia tetragonophylla,1,0,Acacia aneura,0,2,,,,,,,,,,,,,,,,,,,,,,,,,,,,Acacia aneura,0,3,,,,,,,,,,,,,,,,,,,,,,,,,,,,,,,Acacia tetragonophylla,2,0,,,,,,,,,,,,,,,,,,,,,,,,,,,,,,,Acacia tetragonophylla,1,2,Acacia aneura,0,24,,,,,,,,,,,,,,,,,,,,,,,,,,,,Acacia tetragonophylla,10,1,Acacia kempeana,2,0,,,,,,,,,,,,,,,,,,,,,,,,,,,
,cst03a,5/14/2013,52,772271,7227897,,,,,7,,,,,,,,,,,,,,,,,,,,,,,,,,,,,,,,,,,,,,,,,,,,,,,,,,,,,,,,,,,,,,,,,,,,,,,,,,,,,,,,,,,,,,,,,,,,,,,,,,,,,,,,,,,,,,,,,,,,,,,,,,,,,,,,,,,,,,,,,,,,,,,,,,,,,,,,,,,,,,,,,,,,,,,,,,,,,,,,,,,,,,,,,,,,,,,,,,,,,,,,,,,,,,,,,,,,,,,,,,,,,,,,,,,,,,,
,cst05a,5/15/2013,52,792682.4635,7240991.946,,,,0.1,7,Acacia aneura,2,3,,,,,,,,,,,,,,,,,,,,,,,,,,,,,,,Acacia aneura,8,4,,,,,,,,,,,,,,,,,,,,,,,,,,,,,,,Acacia aneura,22,1,,,,,,,,,,,,,,,,,,,,,,,,,,,,,,,Acacia aneura,2,5,,,,,,,,,,,,,,,,,,,,,,,,,,,,,,,Acacia aneura,8,2,,,,,,,,,,,,,,,,,,,,,,,,,,,,,,,Acacia aneura,0,6,,,,,,,,,,,,,,,,,,,,,,,,,,,,,,,Acacia aneura,5,1,,,,,,,,,,,,,,,,,,,,,,,,,,,,,,
,cts01a,5/13/2013 15:05,52,771827.7127,7192687.253,,,,0.1,7,Acacia kempeana,1,1,Acacia tetragonophylla,1,0,,,,,,,,,,,,,,,,,,,,,,,,,,,,Acacia kempeana,2,1,,,,,,,,,,,,,,,,,,,,,,,,,,,,,,,Acacia aneura,6,5,,,,,,,,,,,,,,,,,,,,,,,,,,,,,,,Acacia kempeana,0,0,Acacia tetragonophylla,0,0,Acacia anura,0,2,,,,,,,,,,,,,,,,,,,,,,,,,,,,,,,,,,,,,,,,,,,,,,,,,,,,,,,,,,Acacia aneura,2,2,Acacia tetragonophylla,1,0,,,,,,,,,,,,,,,,,,,,,,,,,,,,,,,,,,,,,,,,,,,,,,,,,,,,,,,,,,,,
,cts06a,5/16/2013,52,797543.0402,7182197.994,,,,0.1,7,Acacia aneura,3,5,Acacia tetragonophylla,2,1,,,,,,,,,,,,,,,,,,,,,,,,,,,,Acacia aneura,0,6,Acacia tetragonophylla,2,0,,,,,,,,,,,,,,,,,,,,,,,,,,,,Acacia aneura,0,2,,,,,,,,,,,,,,,,,,,,,,,,,,,,,,,Acacia aneura,0,3,Acacia tetragonophylla,5,8,Acacia murratana,0,0,,,,,,,,,,,,,,,,,,,,,,,,,Acacia aneura,1,2,Acacia tetragonophylla,3,1,,,,,,,,,,,,,,,,,,,,,,,,,,,,Acacia aneura,1,10,Acacia tetragonophylla,4,0,,,,,,,,,,,,,,,,,,,,,,,,,,,,Acacia tetragonophylla,2,18,,,,,,,,,,,,,,,,,,,,,,,,,,,,,,
,eda04a,6/07/2013,53,276440.4736,7187245.898,,,,,7,,,,,,,,,,,,,,,,,,,,,,,,,,,,,,,,,,,,,,,,,,,,,,,,,,,,,,,,,,,,,,,,,,,,,,,,,,,,,,,,,,,,,,,,,,,,,,,,,,,,,,,,,,,,,,,,,,,,,,,,,,,,,,,,,,,,,,,,,,,,,,,,,,,,,,,,,,,,,,,,,,,,,,,,,,,,,,,,,,,,,,,,,,,,,,,,,,,,,,,,,,,,,,,,,,,,,,,,,,,,,,,,,,,,,,,
,eva01a,7/18/2013 12:13,53,466155.0013,8019355.41,,,,,7,,,,,,,,,,,,,,,,,,,,,,,,,,,,,,,,,,,,,,,,,,,,,,,,,,,,,,,,,,,,,,,,,,,,,,,,,,,,,,,,,,,,,,,,,,,,,,,,,,,,,,,,,,,,,,,,,,,,,,,,,,,,,,,,,,,,,,,,,,,,,,,,,,,,,,,,,,,,,,,,,,,,,,,,,,,,,,,,,,,,,,,,,,,,,,,,,,,,,,,,,,,,,,,,,,,,,,,,,,,,,,,,,,,,,,,
,eva02a,7/18/2013 15:22,53,459941,8016852,,,,,7,,,,,,,,,,,,,,,,,,,,,,,,,,,,,,,,,,,,,,,,,,,,,,,,,,,,,,,,,,,,,,,,,,,,,,,,,,,,,,,,,,,,,,,,,,,,,,,,,,,,,,,,,,,,,,,,,,,,,,,,,,,,,,,,,,,,,,,,,,,,,,,,,,,,,,,,,,,,,,,,,,,,,,,,,,,,,,,,,,,,,,,,,,,,,,,,,,,,,,,,,,,,,,,,,,,,,,,,,,,,,,,,,,,,,,,
,eva03a,7/19/2013 8:52,53,458976,8003803,,,,,7,,,,,,,,,,,,,,,,,,,,,,,,,,,,,,,,,,,,,,,,,,,,,,,,,,,,,,,,,,,,,,,,,,,,,,,,,,,,,,,,,,,,,,,,,,,,,,,,,,,,,,,,,,,,,,,,,,,,,,,,,,,,,,,,,,,,,,,,,,,,,,,,,,,,,,,,,,,,,,,,,,,,,,,,,,,,,,,,,,,,,,,,,,,,,,,,,,,,,,,,,,,,,,,,,,,,,,,,,,,,,,,,,,,,,,,
,eva04a,7/19/2013 13:49,53,452613,7993636,,,,,7,,,,,,,,,,,,,,,,,,,,,,,,,,,,,,,,,,,,,,,,,,,,,,,,,,,,,,,,,,,,,,,,,,,,,,,,,,,,,,,,,,,,,,,,,,,,,,,,,,,,,,,,,,,,,,,,,,,,,,,,,,,,,,,,,,,,,,,,,,,,,,,,,,,,,,,,,,,,,,,,,,,,,,,,,,,,,,,,,,,,,,,,,,,,,,,,,,,,,,,,,,,,,,,,,,,,,,,,,,,,,,,,,,,,,,,
,eva05a,7/19/2013 15:34,53,453714,7984212,,,,0.1,7,E. coolabah,4,0,Acacia victoriae,1,0,,,,,,,,,,,,,,,,,,,,,,,,,,,,E. coolabah,7,0,,,,,,,,,,,,,,,,,,,,,,,,,,,,,,,E. coolabah,10,1,Acacia victoriae,1,0,Excoecaria parvifolia,3,0,,,,,,,,,,,,,,,,,,,,,,,,,E. coolabah,2,0,Excoecaria parvifolia,5,0,,,,,,,,,,,,,,,,,,,,,,,,,,,,E. coolabah,12,0,Acacia victoriae,1,0,,,,,,,,,,,,,,,,,,,,,,,,,,,,E. coolabah,12,0,Excoecaria parvifolia,3,0,,,,,,,,,,,,,,,,,,,,,,,,,,,,E. coolabah,5,0,Excoecaria parvifolia,2,0,,,,,,,,,,,,,,,,,,,,,,,,,,,
,eva06a,7/20/2013 8:46,53,455988,7973435,,,,,7,,,,,,,,,,,,,,,,,,,,,,,,,,,,,,,,,,,,,,,,,,,,,,,,,,,,,,,,,,,,,,,,,,,,,,,,,,,,,,,,,,,,,,,,,,,,,,,,,,,,,,,,,,,,,,,,,,,,,,,,,,,,,,,,,,,,,,,,,,,,,,,,,,,,,,,,,,,,,,,,,,,,,,,,,,,,,,,,,,,,,,,,,,,,,,,,,,,,,,,,,,,,,,,,,,,,,,,,,,,,,,,,,,,,,,,
,eva07a,7/20/2013 10:50,53,478938,7970818,,,,0.1,7,E.coolabah,15,6,,,,,,,,,,,,,,,,,,,,,,,,,,,,,,,E.coolabah,15,7,,,,,,,,,,,,,,,,,,,,,,,,,,,,,,,E.coolabah,27,5,,,,,,,,,,,,,,,,,,,,,,,,,,,,,,,E.coolabah,15,6,,,,,,,,,,,,,,,,,,,,,,,,,,,,,,,E.coolabah,25,3,,,,,,,,,,,,,,,,,,,,,,,,,,,,,,,E.coolabah,13,6,,,,,,,,,,,,,,,,,,,,,,,,,,,,,,,E.coolabah,15,7,,,,,,,,,,,,,,,,,,,,,,,,,,,,,,
,eva08a,7/21/2013 9:48,53,489073,7996372,,,,,7,,,,,,,,,,,,,,,,,,,,,,,,,,,,,,,,,,,,,,,,,,,,,,,,,,,,,,,,,,,,,,,,,,,,,,,,,,,,,,,,,,,,,,,,,,,,,,,,,,,,,,,,,,,,,,,,,,,,,,,,,,,,,,,,,,,,,,,,,,,,,,,,,,,,,,,,,,,,,,,,,,,,,,,,,,,,,,,,,,,,,,,,,,,,,,,,,,,,,,,,,,,,,,,,,,,,,,,,,,,,,,,,,,,,,,,
,eva09a,7/20/2013 14:59,53,485382,7987687,,,,0.1,7,E. coolabah,11,0,,,,,,,,,,,,,,,,,,,,,,,,,,,,,,,E. coolabah,15,1,,,,,,,,,,,,,,,,,,,,,,,,,,,,,,,E. coolabah,34,0,,,,,,,,,,,,,,,,,,,,,,,,,,,,,,,E. coolabah,12,0,,,,,,,,,,,,,,,,,,,,,,,,,,,,,,,E. coolabah,14,0,,,,,,,,,,,,,,,,,,,,,,,,,,,,,,,E.coolabah,3,0,,,,,,,,,,,,,,,,,,,,,,,,,,,,,,,E. coolabah,28,4,,,,,,,,,,,,,,,,,,,,,,,,,,,,,,
,eva10a,7/19/2013 11:00,53,467493,8011091,,,,,7,,,,,,,,,,,,,,,,,,,,,,,,,,,,,,,,,,,,,,,,,,,,,,,,,,,,,,,,,,,,,,,,,,,,,,,,,,,,,,,,,,,,,,,,,,,,,,,,,,,,,,,,,,,,,,,,,,,,,,,,,,,,,,,,,,,,,,,,,,,,,,,,,,,,,,,,,,,,,,,,,,,,,,,,,,,,,,,,,,,,,,,,,,,,,,,,,,,,,,,,,,,,,,,,,,,,,,,,,,,,,,,,,,,,,,,
,eva11a,7/21/2013 13:49,53,482520,8013712,,,,,7,,,,,,,,,,,,,,,,,,,,,,,,,,,,,,,,,,,,,,,,,,,,,,,,,,,,,,,,,,,,,,,,,,,,,,,,,,,,,,,,,,,,,,,,,,,,,,,,,,,,,,,,,,,,,,,,,,,,,,,,,,,,,,,,,,,,,,,,,,,,,,,,,,,,,,,,,,,,,,,,,,,,,,,,,,,,,,,,,,,,,,,,,,,,,,,,,,,,,,,,,,,,,,,,,,,,,,,,,,,,,,,,,,,,,,,
,hby01a,7/26/2013,53,329703.0335,7291792.343,,,,,7,,,,,,,,,,,,,,,,,,,,,,,,,,,,,,,,,,,,,,,,,,,,,,,,,,,,,,,,,,,,,,,,,,,,,,,,,,,,,,,,,,,,,,,,,,,,,,,,,,,,,,,,,,,,,,,,,,,,,,,,,,,,,,,,,,,,,,,,,,,,,,,,,,,,,,,,,,,,,,,,,,,,,,,,,,,,,,,,,,,,,,,,,,,,,,,,,,,,,,,,,,,,,,,,,,,,,,,,,,,,,,,,,,,,,,,
,hby02a,7/22/2013 12:28,53,348321.3312,7285468.169,,,,,7,,,,,,,,,,,,,,,,,,,,,,,,,,,,,,,,,,,,,,,,,,,,,,,,,,,,,,,,,,,,,,,,,,,,,,,,,,,,,,,,,,,,,,,,,,,,,,,,,,,,,,,,,,,,,,,,,,,,,,,,,,,,,,,,,,,,,,,,,,,,,,,,,,,,,,,,,,,,,,,,,,,,,,,,,,,,,,,,,,,,,,,,,,,,,,,,,,,,,,,,,,,,,,,,,,,,,,,,,,,,,,,,,,,,,,,
,hby03a,7/23/2013,53,350086.0529,7277857.002,,,,,7,,,,,,,,,,,,,,,,,,,,,,,,,,,,,,,,,,,,,,,,,,,,,,,,,,,,,,,,,,,,,,,,,,,,,,,,,,,,,,,,,,,,,,,,,,,,,,,,,,,,,,,,,,,,,,,,,,,,,,,,,,,,,,,,,,,,,,,,,,,,,,,,,,,,,,,,,,,,,,,,,,,,,,,,,,,,,,,,,,,,,,,,,,,,,,,,,,,,,,,,,,,,,,,,,,,,,,,,,,,,,,,,,,,,,,,
,hby05a,7/23/2013,53,339389.0244,7279025.951,,,,,7,,,,,,,,,,,,,,,,,,,,,,,,,,,,,,,,,,,,,,,,,,,,,,,,,,,,,,,,,,,,,,,,,,,,,,,,,,,,,,,,,,,,,,,,,,,,,,,,,,,,,,,,,,,,,,,,,,,,,,,,,,,,,,,,,,,,,,,,,,,,,,,,,,,,,,,,,,,,,,,,,,,,,,,,,,,,,,,,,,,,,,,,,,,,,,,,,,,,,,,,,,,,,,,,,,,,,,,,,,,,,,,,,,,,,,,
,hby06a,7/23/2013,53,325427.379,7272406.589,,,,,7,,,,,,,,,,,,,,,,,,,,,,,,,,,,,,,,,,,,,,,,,,,,,,,,,,,,,,,,,,,,,,,,,,,,,,,,,,,,,,,,,,,,,,,,,,,,,,,,,,,,,,,,,,,,,,,,,,,,,,,,,,,,,,,,,,,,,,,,,,,,,,,,,,,,,,,,,,,,,,,,,,,,,,,,,,,,,,,,,,,,,,,,,,,,,,,,,,,,,,,,,,,,,,,,,,,,,,,,,,,,,,,,,,,,,,,
,hby08a,7/24/2013,53,310006.6168,7272370.489,,,,,7,,,,,,,,,,,,,,,,,,,,,,,,,,,,,,,,,,,,,,,,,,,,,,,,,,,,,,,,,,,,,,,,,,,,,,,,,,,,,,,,,,,,,,,,,,,,,,,,,,,,,,,,,,,,,,,,,,,,,,,,,,,,,,,,,,,,,,,,,,,,,,,,,,,,,,,,,,,,,,,,,,,,,,,,,,,,,,,,,,,,,,,,,,,,,,,,,,,,,,,,,,,,,,,,,,,,,,,,,,,,,,,,,,,,,,,
,hby09a,7/24/2013,53,304939.0637,7279817.104,,,,,7,,,,,,,,,,,,,,,,,,,,,,,,,,,,,,,,,,,,,,,,,,,,,,,,,,,,,,,,,,,,,,,,,,,,,,,,,,,,,,,,,,,,,,,,,,,,,,,,,,,,,,,,,,,,,,,,,,,,,,,,,,,,,,,,,,,,,,,,,,,,,,,,,,,,,,,,,,,,,,,,,,,,,,,,,,,,,,,,,,,,,,,,,,,,,,,,,,,,,,,,,,,,,,,,,,,,,,,,,,,,,,,,,,,,,,,
,hby10a,7/24/2013,53,290846.4505,7277752.544,,,,,7,,,,,,,,,,,,,,,,,,,,,,,,,,,,,,,,,,,,,,,,,,,,,,,,,,,,,,,,,,,,,,,,,,,,,,,,,,,,,,,,,,,,,,,,,,,,,,,,,,,,,,,,,,,,,,,,,,,,,,,,,,,,,,,,,,,,,,,,,,,,,,,,,,,,,,,,,,,,,,,,,,,,,,,,,,,,,,,,,,,,,,,,,,,,,,,,,,,,,,,,,,,,,,,,,,,,,,,,,,,,,,,,,,,,,,,
,hby11a,7/25/2013,53,280229.2429,7274066.654,,,,0.1,7,Acacia aneura,0,7,,,,,,,,,,,,,,,,,,,,,,,,,,,,,,,Acacia aneura,0,1,,,,,,,,,,,,,,,,,,,,,,,,,,,,,,,,,,,,,,,,,,,,,,,,,,,,,,,,,,,,,,,,Eremophila gibsonii,4,0,,,,,,,,,,,,,,,,,,,,,,,,,,,,,,,A. aneura,0,2,,,,,,,,,,,,,,,,,,,,,,,,,,,,,,,A. aneura,0,2,,,,,,,,,,,,,,,,,,,,,,,,,,,,,,,Acacia aneura,0,3,,,,,,,,,,,,,,,,,,,,,,,,,,,,,,
,hby13a,7/26/2013,53,324223.1014,7300982.915,,,,,7,,,,,,,,,,,,,,,,,,,,,,,,,,,,,,,,,,,,,,,,,,,,,,,,,,,,,,,,,,,,,,,,,,,,,,,,,,,,,,,,,,,,,,,,,,,,,,,,,,,,,,,,,,,,,,,,,,,,,,,,,,,,,,,,,,,,,,,,,,,,,,,,,,,,,,,,,,,,,,,,,,,,,,,,,,,,,,,,,,,,,,,,,,,,,,,,,,,,,,,,,,,,,,,,,,,,,,,,,,,,,,,,,,,,,,,
,hby14a,7/26/2013,53,314751.6962,7301152.685,,,,0.25,7,Acacia kempeana,8,0,Acacia aneura,1,0,,,,,,,,,,,,,,,,,,,,,,,,,,,,Acacia kempeana,9,0,Acacia aneura,1,0,Corymbia terminalis,1,0,,,,,,,,,,,,,,,,,,,,,,,,,Acacia kempeana,14,0,Acacia aneura,1,0,Corymbia terminalis,1,0,,,,,,,,,,,,,,,,,,,,,,,,,Acacia kempeana,5,0,Acacia aneura,4,0,,,,,,,,,,,,,,,,,,,,,,,,,,,,Acacia kempeana,30,0,Corymbia terminalis,1,0,,,,,,,,,,,,,,,,,,,,,,,,,,,,Acacia aneura,0,4,,,,,,,,,,,,,,,,,,,,,,,,,,,,,,,Corymbia terminalis,1,0,,,,,,,,,,,,,,,,,,,,,,,,,,,,,,
,hby15a,7/25/2013,53,274522.071,7279625.342,,,,0.1,7,A. aneura,0,3,,,,,,,,,,,,,,,,,,,,,,,,,,,,,,,A aneura,0,10,,,,,,,,,,,,,,,,,,,,,,,,,,,,,,,A. aneura,0,2,,,,,,,,,,,,,,,,,,,,,,,,,,,,,,,A aneura,0,1,,,,,,,,,,,,,,,,,,,,,,,,,,,,,,,A. aneura,0,1,Hakea leucoptera,0,17,,,,,,,,,,,,,,,,,,,,,,,,,,,,Acacia aneura,0,7,,,,,,,,,,,,,,,,,,,,,,,,,,,,,,,A. aneura,0,1,Hakea divaricata,1,0,,,,,,,,,,,,,,,,,,,,,,,,,,,
,hls01a,10/13/2013 9:01,53,382063,7975819,,,,,7,,,,,,,,,,,,,,,,,,,,,,,,,,,,,,,,,,,,,,,,,,,,,,,,,,,,,,,,,,,,,,,,,,,,,,,,,,,,,,,,,,,,,,,,,,,,,,,,,,,,,,,,,,,,,,,,,,,,,,,,,,,,,,,,,,,,,,,,,,,,,,,,,,,,,,,,,,,,,,,,,,,,,,,,,,,,,,,,,,,,,,,,,,,,,,,,,,,,,,,,,,,,,,,,,,,,,,,,,,,,,,,,,,,,,,,
,hls02a,10/13/2013 7:47,53,389178,7975918,,,,,7,,,,,,,,,,,,,,,,,,,,,,,,,,,,,,,,,,,,,,,,,,,,,,,,,,,,,,,,,,,,,,,,,,,,,,,,,,,,,,,,,,,,,,,,,,,,,,,,,,,,,,,,,,,,,,,,,,,,,,,,,,,,,,,,,,,,,,,,,,,,,,,,,,,,,,,,,,,,,,,,,,,,,,,,,,,,,,,,,,,,,,,,,,,,,,,,,,,,,,,,,,,,,,,,,,,,,,,,,,,,,,,,,,,,,,,
,hls03a,10/13/2013 15:21,53,385891,7992365,,,,,7,,,,,,,,,,,,,,,,,,,,,,,,,,,,,,,,,,,,,,,,,,,,,,,,,,,,,,,,,,,,,,,,,,,,,,,,,,,,,,,,,,,,,,,,,,,,,,,,,,,,,,,,,,,,,,,,,,,,,,,,,,,,,,,,,,,,,,,,,,,,,,,,,,,,,,,,,,,,,,,,,,,,,,,,,,,,,,,,,,,,,,,,,,,,,,,,,,,,,,,,,,,,,,,,,,,,,,,,,,,,,,,,,,,,,,,
,hls04a,10/11/2013 14:36,53,380380,8002746,,,,,7,,,,,,,,,,,,,,,,,,,,,,,,,,,,,,,,,,,,,,,,,,,,,,,,,,,,,,,,,,,,,,,,,,,,,,,,,,,,,,,,,,,,,,,,,,,,,,,,,,,,,,,,,,,,,,,,,,,,,,,,,,,,,,,,,,,,,,,,,,,,,,,,,,,,,,,,,,,,,,,,,,,,,,,,,,,,,,,,,,,,,,,,,,,,,,,,,,,,,,,,,,,,,,,,,,,,,,,,,,,,,,,,,,,,,,,
,hls05a,10/12/2013 6:50,53,392764,7994037,,,,,7,,,,,,,,,,,,,,,,,,,,,,,,,,,,,,,,,,,,,,,,,,,,,,,,,,,,,,,,,,,,,,,,,,,,,,,,,,,,,,,,,,,,,,,,,,,,,,,,,,,,,,,,,,,,,,,,,,,,,,,,,,,,,,,,,,,,,,,,,,,,,,,,,,,,,,,,,,,,,,,,,,,,,,,,,,,,,,,,,,,,,,,,,,,,,,,,,,,,,,,,,,,,,,,,,,,,,,,,,,,,,,,,,,,,,,,
,hls06a,10/12/2013 15:19,53,394627,7987321,,,,,7,,,,,,,,,,,,,,,,,,,,,,,,,,,,,,,,,,,,,,,,,,,,,,,,,,,,,,,,,,,,,,,,,,,,,,,,,,,,,,,,,,,,,,,,,,,,,,,,,,,,,,,,,,,,,,,,,,,,,,,,,,,,,,,,,,,,,,,,,,,,,,,,,,,,,,,,,,,,,,,,,,,,,,,,,,,,,,,,,,,,,,,,,,,,,,,,,,,,,,,,,,,,,,,,,,,,,,,,,,,,,,,,,,,,,,,
,hls07a,10/12/2013 8:21,53,404097,7991042,,,,0.25,7,Eucalyptus,10,0,,,,,,,,,,,,,,,,,,,,,,,,,,,,,,,Eucalyptus,18,0,,,,,,,,,,,,,,,,,,,,,,,,,,,,,,,Eucalyptus,21,0,,,,,,,,,,,,,,,,,,,,,,,,,,,,,,,Eucalyptus,11,0,,,,,,,,,,,,,,,,,,,,,,,,,,,,,,,Eucalyptus,6,2,,,,,,,,,,,,,,,,,,,,,,,,,,,,,,,Eucalyptus,16,0,,,,,,,,,,,,,,,,,,,,,,,,,,,,,,,Eucalyptus,14,1,,,,,,,,,,,,,,,,,,,,,,,,,,,,,,
,hls08a,10/10/2013 7:12,53,425080,8002567,,,,,7,,,,,,,,,,,,,,,,,,,,,,,,,,,,,,,,,,,,,,,,,,,,,,,,,,,,,,,,,,,,,,,,,,,,,,,,,,,,,,,,,,,,,,,,,,,,,,,,,,,,,,,,,,,,,,,,,,,,,,,,,,,,,,,,,,,,,,,,,,,,,,,,,,,,,,,,,,,,,,,,,,,,,,,,,,,,,,,,,,,,,,,,,,,,,,,,,,,,,,,,,,,,,,,,,,,,,,,,,,,,,,,,,,,,,,,
,hls09a,10/09/2013 10:06,53,410476,8007100,,,,,7,,,,,,,,,,,,,,,,,,,,,,,,,,,,,,,,,,,,,,,,,,,,,,,,,,,,,,,,,,,,,,,,,,,,,,,,,,,,,,,,,,,,,,,,,,,,,,,,,,,,,,,,,,,,,,,,,,,,,,,,,,,,,,,,,,,,,,,,,,,,,,,,,,,,,,,,,,,,,,,,,,,,,,,,,,,,,,,,,,,,,,,,,,,,,,,,,,,,,,,,,,,,,,,,,,,,,,,,,,,,,,,,,,,,,,,
,hls0a,10/09/2013 13:58,53,413310,8021163,,,,,7,,,,,,,,,,,,,,,,,,,,,,,,,,,,,,,,,,,,,,,,,,,,,,,,,,,,,,,,,,,,,,,,,,,,,,,,,,,,,,,,,,,,,,,,,,,,,,,,,,,,,,,,,,,,,,,,,,,,,,,,,,,,,,,,,,,,,,,,,,,,,,,,,,,,,,,,,,,,,,,,,,,,,,,,,,,,,,,,,,,,,,,,,,,,,,,,,,,,,,,,,,,,,,,,,,,,,,,,,,,,,,,,,,,,,,,
,hls12a,10/10/2013 8:45,53,424986,7987929,,,,,7,,,,,,,,,,,,,,,,,,,,,,,,,,,,,,,,,,,,,,,,,,,,,,,,,,,,,,,,,,,,,,,,,,,,,,,,,,,,,,,,,,,,,,,,,,,,,,,,,,,,,,,,,,,,,,,,,,,,,,,,,,,,,,,,,,,,,,,,,,,,,,,,,,,,,,,,,,,,,,,,,,,,,,,,,,,,,,,,,,,,,,,,,,,,,,,,,,,,,,,,,,,,,,,,,,,,,,,,,,,,,,,,,,,,,,,
,hls13a,10/10/2013 10:08,53,423187,7983047,,,,,7,,,,,,,,,,,,,,,,,,,,,,,,,,,,,,,,,,,,,,,,,,,,,,,,,,,,,,,,,,,,,,,,,,,,,,,,,,,,,,,,,,,,,,,,,,,,,,,,,,,,,,,,,,,,,,,,,,,,,,,,,,,,,,,,,,,,,,,,,,,,,,,,,,,,,,,,,,,,,,,,,,,,,,,,,,,,,,,,,,,,,,,,,,,,,,,,,,,,,,,,,,,,,,,,,,,,,,,,,,,,,,,,,,,,,,,
,hls14a,10/11/2013 8:27,53,404067,7978933,,,,,7,,,,,,,,,,,,,,,,,,,,,,,,,,,,,,,,,,,,,,,,,,,,,,,,,,,,,,,,,,,,,,,,,,,,,,,,,,,,,,,,,,,,,,,,,,,,,,,,,,,,,,,,,,,,,,,,,,,,,,,,,,,,,,,,,,,,,,,,,,,,,,,,,,,,,,,,,,,,,,,,,,,,,,,,,,,,,,,,,,,,,,,,,,,,,,,,,,,,,,,,,,,,,,,,,,,,,,,,,,,,,,,,,,,,,,,
,hls15a,5/10/2013 0:44,53,410702,7978453,,,,,7,,,,,,,,,,,,,,,,,,,,,,,,,,,,,,,,,,,,,,,,,,,,,,,,,,,,,,,,,,,,,,,,,,,,,,,,,,,,,,,,,,,,,,,,,,,,,,,,,,,,,,,,,,,,,,,,,,,,,,,,,,,,,,,,,,,,,,,,,,,,,,,,,,,,,,,,,,,,,,,,,,,,,,,,,,,,,,,,,,,,,,,,,,,,,,,,,,,,,,,,,,,,,,,,,,,,,,,,,,,,,,,,,,,,,,,
,hls16a,10/10/2013 14:49,53,416950,7976087,,,,,7,,,,,,,,,,,,,,,,,,,,,,,,,,,,,,,,,,,,,,,,,,,,,,,,,,,,,,,,,,,,,,,,,,,,,,,,,,,,,,,,,,,,,,,,,,,,,,,,,,,,,,,,,,,,,,,,,,,,,,,,,,,,,,,,,,,,,,,,,,,,,,,,,,,,,,,,,,,,,,,,,,,,,,,,,,,,,,,,,,,,,,,,,,,,,,,,,,,,,,,,,,,,,,,,,,,,,,,,,,,,,,,,,,,,,,,
,hls17,10/08/2013 8:50,53,426612,7967694,,,,,7,,,,,,,,,,,,,,,,,,,,,,,,,,,,,,,,,,,,,,,,,,,,,,,,,,,,,,,,,,,,,,,,,,,,,,,,,,,,,,,,,,,,,,,,,,,,,,,,,,,,,,,,,,,,,,,,,,,,,,,,,,,,,,,,,,,,,,,,,,,,,,,,,,,,,,,,,,,,,,,,,,,,,,,,,,,,,,,,,,,,,,,,,,,,,,,,,,,,,,,,,,,,,,,,,,,,,,,,,,,,,,,,,,,,,,,
,hls18a,10/08/2013 10:34,53,435705,7971450,,,,,7,,,,,,,,,,,,,,,,,,,,,,,,,,,,,,,,,,,,,,,,,,,,,,,,,,,,,,,,,,,,,,,,,,,,,,,,,,,,,,,,,,,,,,,,,,,,,,,,,,,,,,,,,,,,,,,,,,,,,,,,,,,,,,,,,,,,,,,,,,,,,,,,,,,,,,,,,,,,,,,,,,,,,,,,,,,,,,,,,,,,,,,,,,,,,,,,,,,,,,,,,,,,,,,,,,,,,,,,,,,,,,,,,,,,,,,
,hls19a,10/08/2013 15:49,53,445350,7970698,,,,,7,,,,,,,,,,,,,,,,,,,,,,,,,,,,,,,,,,,,,,,,,,,,,,,,,,,,,,,,,,,,,,,,,,,,,,,,,,,,,,,,,,,,,,,,,,,,,,,,,,,,,,,,,,,,,,,,,,,,,,,,,,,,,,,,,,,,,,,,,,,,,,,,,,,,,,,,,,,,,,,,,,,,,,,,,,,,,,,,,,,,,,,,,,,,,,,,,,,,,,,,,,,,,,,,,,,,,,,,,,,,,,,,,,,,,,,
,mez02a,10/22/2013 9:11,53,,,,,,,7,,,,,,,,,,,,,,,,,,,,,,,,,,,,,,,,,,,,,,,,,,,,,,,,,,,,,,,,,,,,,,,,,,,,,,,,,,,,,,,,,,,,,,,,,,,,,,,,,,,,,,,,,,,,,,,,,,,,,,,,,,,,,,,,,,,,,,,,,,,,,,,,,,,,,,,,,,,,,,,,,,,,,,,,,,,,,,,,,,,,,,,,,,,,,,,,,,,,,,,,,,,,,,,,,,,,,,,,,,,,,,,,,,,,,,,
,mgb02a,5/10/2013 0:44,53,445090,8086814,,,,,7,,,,,,,,,,,,,,,,,,,,,,,,,,,,,,,,,,,,,,,,,,,,,,,,,,,,,,,,,,,,,,,,,,,,,,,,,,,,,,,,,,,,,,,,,,,,,,,,,,,,,,,,,,,,,,,,,,,,,,,,,,,,,,,,,,,,,,,,,,,,,,,,,,,,,,,,,,,,,,,,,,,,,,,,,,,,,,,,,,,,,,,,,,,,,,,,,,,,,,,,,,,,,,,,,,,,,,,,,,,,,,,,,,,,,,,
,mgb04,7/23/2013 8:06,53,442779,8075636,,,,,7,,,,,,,,,,,,,,,,,,,,,,,,,,,,,,,,,,,,,,,,,,,,,,,,,,,,,,,,,,,,,,,,,,,,,,,,,,,,,,,,,,,,,,,,,,,,,,,,,,,,,,,,,,,,,,,,,,,,,,,,,,,,,,,,,,,,,,,,,,,,,,,,,,,,,,,,,,,,,,,,,,,,,,,,,,,,,,,,,,,,,,,,,,,,,,,,,,,,,,,,,,,,,,,,,,,,,,,,,,,,,,,,,,,,,,,
,mgb05a,7/26/2013 13:11,53,457299,8066539,,,,,7,,,,,,,,,,,,,,,,,,,,,,,,,,,,,,,,,,,,,,,,,,,,,,,,,,,,,,,,,,,,,,,,,,,,,,,,,,,,,,,,,,,,,,,,,,,,,,,,,,,,,,,,,,,,,,,,,,,,,,,,,,,,,,,,,,,,,,,,,,,,,,,,,,,,,,,,,,,,,,,,,,,,,,,,,,,,,,,,,,,,,,,,,,,,,,,,,,,,,,,,,,,,,,,,,,,,,,,,,,,,,,,,,,,,,,,
,mgb07a,7/24/2013 10:12,53,460947,8046521,,,,0.1,7,E.pruinosa,5,1,A. Colei,1,0,,,,,,,,,,,,,,,,,,,,,,,,,,,,E.pruinosa,4,0,,,,,,,,,,,,,,,,,,,,,,,,,,,,,,,,,,,,,,,,,,,,,,,,,,,,,,,,,,,,,,,,E.pruinosa,8,0,A. Colei,1,0,,,,,,,,,,,,,,,,,,,,,,,,,,,,E.pruinosa,3,0,,,,,,,,,,,,,,,,,,,,,,,,,,,,,,,,,,,,,,,,,,,,,,,,,,,,,,,,,,,,,,,,E. pruinosa,6,1,E. microtheca,3,1,,,,,,,,,,,,,,,,,,,,,,,,,,,
,mgb08a,7/25/2013 8:37,53,463436,8031744,,,,,7,,,,,,,,,,,,,,,,,,,,,,,,,,,,,,,,,,,,,,,,,,,,,,,,,,,,,,,,,,,,,,,,,,,,,,,,,,,,,,,,,,,,,,,,,,,,,,,,,,,,,,,,,,,,,,,,,,,,,,,,,,,,,,,,,,,,,,,,,,,,,,,,,,,,,,,,,,,,,,,,,,,,,,,,,,,,,,,,,,,,,,,,,,,,,,,,,,,,,,,,,,,,,,,,,,,,,,,,,,,,,,,,,,,,,,,
,mgb09a,7/25/2013 10:35,53,448865.5935,8027370.457,,,,,7,,,,,,,,,,,,,,,,,,,,,,,,,,,,,,,,,,,,,,,,,,,,,,,,,,,,,,,,,,,,,,,,,,,,,,,,,,,,,,,,,,,,,,,,,,,,,,,,,,,,,,,,,,,,,,,,,,,,,,,,,,,,,,,,,,,,,,,,,,,,,,,,,,,,,,,,,,,,,,,,,,,,,,,,,,,,,,,,,,,,,,,,,,,,,,,,,,,,,,,,,,,,,,,,,,,,,,,,,,,,,,,,,,,,,,,
,mgb10a,7/26/2013 10:05,53,456448,8059937,,,,,7,,,,,,,,,,,,,,,,,,,,,,,,,,,,,,,,,,,,,,,,,,,,,,,,,,,,,,,,,,,,,,,,,,,,,,,,,,,,,,,,,,,,,,,,,,,,,,,,,,,,,,,,,,,,,,,,,,,,,,,,,,,,,,,,,,,,,,,,,,,,,,,,,,,,,,,,,,,,,,,,,,,,,,,,,,,,,,,,,,,,,,,,,,,,,,,,,,,,,,,,,,,,,,,,,,,,,,,,,,,,,,,,,,,,,,,
,mlp02,5/10/2013 0:44,53,574407,8070583,,,,,7,,,,,,,,,,,,,,,,,,,,,,,,,,,,,,,,,,,,,,,,,,,,,,,,,,,,,,,,,,,,,,,,,,,,,,,,,,,,,,,,,,,,,,,,,,,,,,,,,,,,,,,,,,,,,,,,,,,,,,,,,,,,,,,,,,,,,,,,,,,,,,,,,,,,,,,,,,,,,,,,,,,,,,,,,,,,,,,,,,,,,,,,,,,,,,,,,,,,,,,,,,,,,,,,,,,,,,,,,,,,,,,,,,,,,,,
,mlp03a,5/10/2013 0:44,53,581086,8070651,,,,,7,,,,,,,,,,,,,,,,,,,,,,,,,,,,,,,,,,,,,,,,,,,,,,,,,,,,,,,,,,,,,,,,,,,,,,,,,,,,,,,,,,,,,,,,,,,,,,,,,,,,,,,,,,,,,,,,,,,,,,,,,,,,,,,,,,,,,,,,,,,,,,,,,,,,,,,,,,,,,,,,,,,,,,,,,,,,,,,,,,,,,,,,,,,,,,,,,,,,,,,,,,,,,,,,,,,,,,,,,,,,,,,,,,,,,,,
,mlp04a,5/10/2013 0:44,53,591458,8068759,,,,0.25,7,E. microtheca,20,0,,,,,,,,,,,,,,,,,,,,,,,,,,,,,,,E. microtheca,13,1,,,,,,,,,,,,,,,,,,,,,,,,,,,,,,,E. microtheca,13,0,,,,,,,,,,,,,,,,,,,,,,,,,,,,,,,E. microtheca,17,0,,,,,,,,,,,,,,,,,,,,,,,,,,,,,,,E. microtheca,14,0,,,,,,,,,,,,,,,,,,,,,,,,,,,,,,,E. microtheca,21,0,,,,,,,,,,,,,,,,,,,,,,,,,,,,,,,E. microtheca,17,0,,,,,,,,,,,,,,,,,,,,,,,,,,,,,,
,mlp05a,5/10/2013 0:44,53,606066,8084849,,,,0.25,7,E. tetrodonta,5,0,Wavey bark euc,4,0,Ironwood,2,0,,,,,,,,,,,,,,,,,,,,,,,,,E. tetrodonta,7,0,Wavey bark euc,7,0,Ironwood,4,0,Chilli tree,1,0,,,,,,,,,,,,,,,,,,,,,,E. tetrodonta,5,0,Wavey bark euc,5,0,Orange tree,1,0,Ironwood,6,0,Chilli tree,1,0,,,,,,,,,,,,,,,,,,,E. tetrodonta,6,1,Wavey bark euc,4,0,Ironwood,4,0,,,,,,,,,,,,,,,,,,,,,,,,,E. tetrodonta,3,4,Wavey bark euc,4,0,Ironwood,3,3,,,,,,,,,,,,,,,,,,,,,,,,,E. tetrodonta,3,0,Wavey bark euc,4,1,Orange tree,2,0,Ironwood,0,4,Chilli tree,1,0,,,,,,,,,,,,,,,,,,,E. tetrodonta,3,1,Wavey bark euc,5,0,Ironwood,2,5,,2,5,,,,,,,,,,,,,,,,,,,,,
,mlp06a,8/07/2013 11:12,53,586830,8090110,,,,,7,,,,,,,,,,,,,,,,,,,,,,,,,,,,,,,,,,,,,,,,,,,,,,,,,,,,,,,,,,,,,,,,,,,,,,,,,,,,,,,,,,,,,,,,,,,,,,,,,,,,,,,,,,,,,,,,,,,,,,,,,,,,,,,,,,,,,,,,,,,,,,,,,,,,,,,,,,,,,,,,,,,,,,,,,,,,,,,,,,,,,,,,,,,,,,,,,,,,,,,,,,,,,,,,,,,,,,,,,,,,,,,,,,,,,,,
,mlp07a,8/11/2013 12:21,53,579023,8097212,,,,,7,,,,,,,,,,,,,,,,,,,,,,,,,,,,,,,,,,,,,,,,,,,,,,,,,,,,,,,,,,,,,,,,,,,,,,,,,,,,,,,,,,,,,,,,,,,,,,,,,,,,,,,,,,,,,,,,,,,,,,,,,,,,,,,,,,,,,,,,,,,,,,,,,,,,,,,,,,,,,,,,,,,,,,,,,,,,,,,,,,,,,,,,,,,,,,,,,,,,,,,,,,,,,,,,,,,,,,,,,,,,,,,,,,,,,,,
,mlp08,5/10/2013 0:44,53,576922,8083390,,,,0.25,7,E. pruinosa,12,2,,,,,,,,,,,,,,,,,,,,,,,,,,,,,,,E. pruinosa,5,0,,,,,,,,,,,,,,,,,,,,,,,,,,,,,,,E. pruinosa,8,2,,,,,,,,,,,,,,,,,,,,,,,,,,,,,,,E. pruinosa,11,1,Acacia sp,5,0,,,,,,,,,,,,,,,,,,,,,,,,,,,,E. pruinosa,11,0,,,,,,,,,,,,,,,,,,,,,,,,,,,,,,,E. pruinosa,10,0,,,,,,,,,,,,,,,,,,,,,,,,,,,,,,,E. pruinosa,9,0,,,,,,,,,,,,,,,,,,,,,,,,,,,,,,
,mlp10a,8/09/2013 7:51,53,522576,8080841,,,,0.25,7,E. microtheca,2,0,Corymbia opaca,8,0,Erythclophl,1,0,,,,,,,,,,,,,,,,,,,,,,,,,E. microtheca,2,2,Corymbia opaca,8,0,,,,,,,,,,,,,,,,,,,,,,,,,,,,Euc microtheca,9,3,Corymbia opaca,5,0,,,,,,,,,,,,,,,,,,,,,,,,,,,,E. microtheca,9,3,Corymbia opaca,6,0,,,,,,,,,,,,,,,,,,,,,,,,,,,,E. microtheca,5,3,Corymbia opaca,5,0,Erythclophl,0,2,,,,,,,,,,,,,,,,,,,,,,,,,E. microtheca,5,2,Corymbia opaca,12,0,,,,,,,,,,,,,,,,,,,,,,,,,,,,E. microtheca,5,0,Corymbia opaca,6,0,Erythclophl,1,2,Heartleaf tree,1,0,,,,,,,,,,,,,,,,,,,,,
,mlp11a,8/10/2013 8:46,53,569064,8085851,,,,,7,,,,,,,,,,,,,,,,,,,,,,,,,,,,,,,,,,,,,,,,,,,,,,,,,,,,,,,,,,,,,,,,,,,,,,,,,,,,,,,,,,,,,,,,,,,,,,,,,,,,,,,,,,,,,,,,,,,,,,,,,,,,,,,,,,,,,,,,,,,,,,,,,,,,,,,,,,,,,,,,,,,,,,,,,,,,,,,,,,,,,,,,,,,,,,,,,,,,,,,,,,,,,,,,,,,,,,,,,,,,,,,,,,,,,,,
,mlp13,5/10/2013 0:44,53,557870,8101196,,,,,7,,,,,,,,,,,,,,,,,,,,,,,,,,,,,,,,,,,,,,,,,,,,,,,,,,,,,,,,,,,,,,,,,,,,,,,,,,,,,,,,,,,,,,,,,,,,,,,,,,,,,,,,,,,,,,,,,,,,,,,,,,,,,,,,,,,,,,,,,,,,,,,,,,,,,,,,,,,,,,,,,,,,,,,,,,,,,,,,,,,,,,,,,,,,,,,,,,,,,,,,,,,,,,,,,,,,,,,,,,,,,,,,,,,,,,,
,mlp14a,8/11/2013 10:00,53,572520,8099795,,,,,7,,,,,,,,,,,,,,,,,,,,,,,,,,,,,,,,,,,,,,,,,,,,,,,,,,,,,,,,,,,,,,,,,,,,,,,,,,,,,,,,,,,,,,,,,,,,,,,,,,,,,,,,,,,,,,,,,,,,,,,,,,,,,,,,,,,,,,,,,,,,,,,,,,,,,,,,,,,,,,,,,,,,,,,,,,,,,,,,,,,,,,,,,,,,,,,,,,,,,,,,,,,,,,,,,,,,,,,,,,,,,,,,,,,,,,,
,mlp15a,8/12/2013 7:45,53,568768,0,,,,,7,,,,,,,,,,,,,,,,,,,,,,,,,,,,,,,,,,,,,,,,,,,,,,,,,,,,,,,,,,,,,,,,,,,,,,,,,,,,,,,,,,,,,,,,,,,,,,,,,,,,,,,,,,,,,,,,,,,,,,,,,,,,,,,,,,,,,,,,,,,,,,,,,,,,,,,,,,,,,,,,,,,,,,,,,,,,,,,,,,,,,,,,,,,,,,,,,,,,,,,,,,,,,,,,,,,,,,,,,,,,,,,,,,,,,,,
,mvl04a,1/01/2013 11:44,53,396156.3013,7294820.05,,,,0.1,7,,,,,,,,,,,,,,,,,,,,,,,,,,,,,,,,,,,,,,,,,,,,,,,,,,,,,,,,,,,,,,,,,,,,,,,,,,,,,,,,,,,,,,,,,,,,,,,,,,,,,,,,,,,,,,,,,,,,,,,,,,,,,,,,,,,,,,,,,,,,,,,,,,,,,,,,,,,,,,,,,,,,,,,,,,,,,,,,,,,,,,,,,,,,,,,,,,,,,,,,,,,,,,,,,,,,,,,,,,,,,,,,,,,,,,,
,mvl05a,1/01/2013 16:15,53,384098.8705,7279759.683,,,,0.1,7,Acacia aneura,10,1,Grevillea striata,3,0,,,,,,,,,,,,,,,,,,,,,,,,,,,,Acacia aneura,0,6,Grevillea striata,0,0,,,,,,,,,,,,,,,,,,,,,,,,,,,,Acacia aneura,0,5,Acacia estrophiolata,1,1,,,,,,,,,,,,,,,,,,,,,,,,,,,,Acacia aneura,58,9,,,,,,,,,,,,,,,,,,,,,,,,,,,,,,,Acacia aneura,0,5,,,,,,,,,,,,,,,,,,,,,,,,,,,,,,,Acacia aneura,0,14,Grevillea striata,2,0,,,,,,,,,,,,,,,,,,,,,,,,,,,,Grevillea striata,1,0,,,,,,,,,,,,,,,,,,,,,,,,,,,,,,
,mvl10a,9/17/2013,53,385504.538,7262065.325,,,,0.1,7,Acacia aneura,9,3,,,,,,,,,,,,,,,,,,,,,,,,,,,,,,,Acacia aneura,35,0,Acacia kempeana,1,0,,,,,,,,,,,,,,,,,,,,,,,,,,,,Acacia aneura,6,9,Acacia kempeana,23,0,,,,,,,,,,,,,,,,,,,,,,,,,,,,Acacia aneura,24,5,,,,,,,,,,,,,,,,,,,,,,,,,,,,,,,Acacia aneura,36,15,,,,,,,,,,,,,,,,,,,,,,,,,,,,,,,Acacia aneura,24,14,,,,,,,,,,,,,,,,,,,,,,,,,,,,,,,Acacia aneura,14,16,Acacia kempeana,2,0,,,,,,,,,,,,,,,,,,,,,,,,,,,
,ubr01a,8/28/2013 9:04,53,425437.7971,7145107.686,,,,0.25,7,Acacia aneura,25,0,Acacia estrophiolata,1,0,,,,,,,,,,,,,,,,,,,,,,,,,,,,Acacia aneura,6,5,Acacia estrophiolata,2,0,,,,,,,,,,,,,,,,,,,,,,,,,,,,Acacia aneura,7,0,,,,,,,,,,,,,,,,,,,,,,,,,,,,,,,Acacia aneura,6,2,,,,,,,,,,,,,,,,,,,,,,,,,,,,,,,Acacia aneura,4,0,,,,,,,,,,,,,,,,,,,,,,,,,,,,,,,Acacia aneura,18,2,,,,,,,,,,,,,,,,,,,,,,,,,,,,,,,,,,,,,,,,,,,,,,,,,,,,,,,,,,,,,,,
,unr02a,8/27/2013 15:26,53,408427.4899,7138201.287,,,,0.1,7,Acacia aneura,3,0,,,,,,,,,,,,,,,,,,,,,,,,,,,,,,,Acacia aneura,5,4,,,,,,,,,,,,,,,,,,,,,,,,,,,,,,,Acacia aneura,12,0,,,,,,,,,,,,,,,,,,,,,,,,,,,,,,,Acacia aneura,7,2,,,,,,,,,,,,,,,,,,,,,,,,,,,,,,,Acacia aneura,5,0,Hakea lorea,4,0,,,,,,,,,,,,,,,,,,,,,,,,,,,,Acacia aneura,58,18,,,,,,,,,,,,,,,,,,,,,,,,,,,,,,,Acacia aneura,57,2,,,,,,,,,,,,,,,,,,,,,,,,,,,,,,
,ubr03a,8/27/2013 13:06,53,388077.8453,7135201.7,,,,,7,,,,,,,,,,,,,,,,,,,,,,,,,,,,,,,,,,,,,,,,,,,,,,,,,,,,,,,,,,,,,,,,,,,,,,,,,,,,,,,,,,,,,,,,,,,,,,,,,,,,,,,,,,,,,,,,,,,,,,,,,,,,,,,,,,,,,,,,,,,,,,,,,,,,,,,,,,,,,,,,,,,,,,,,,,,,,,,,,,,,,,,,,,,,,,,,,,,,,,,,,,,,,,,,,,,,,,,,,,,,,,,,,,,,,,,
,ubr04a,8/27/2013 9:49,53,382415.4664,7145631.694,,,,,7,,,,,,,,,,,,,,,,,,,,,,,,,,,,,,,,,,,,,,,,,,,,,,,,,,,,,,,,,,,,,,,,,,,,,,,,,,,,,,,,,,,,,,,,,,,,,,,,,,,,,,,,,,,,,,,,,,,,,,,,,,,,,,,,,,,,,,,,,,,,,,,,,,,,,,,,,,,,,,,,,,,,,,,,,,,,,,,,,,,,,,,,,,,,,,,,,,,,,,,,,,,,,,,,,,,,,,,,,,,,,,,,,,,,,,,
,ubr05a,8/26/2013 13:55,53,370927.5156,7161710.782,,,,0.1,7,Acacia caclcicola,10,0,,,,,,,,,,,,,,,,,,,,,,,,,,,,,,,Acacia calcicola,8,0,,,,,,,,,,,,,,,,,,,,,,,,,,,,,,,Acacia calcicola,4,0,,,,,,,,,,,,,,,,,,,,,,,,,,,,,,,Acacia calcicola,5,2,,,,,,,,,,,,,,,,,,,,,,,,,,,,,,,,,,,,,,,,,,,,,,,,,,,,,,,,,,,,,,,,Acacia calcicola,8,0,,,,,,,,,,,,,,,,,,,,,,,,,,,,,,,Acacia calcicola,8,0,,,,,,,,,,,,,,,,,,,,,,,,,,,,,,
,ubr06a,8/29/2013 11:55,53,349317.0562,7160551.522,,,,0.1,7,Acacia aneura,1,12,,,,,,,,,,,,,,,,,,,,,,,,,,,,,,,Acacia aneura,35,11,,,,,,,,,,,,,,,,,,,,,,,,,,,,,,,Acacia aneura,12,11,,,,,,,,,,,,,,,,,,,,,,,,,,,,,,,Acacia aneura,5,14,,,,,,,,,,,,,,,,,,,,,,,,,,,,,,,Acacia aneura,14,9,,,,,,,,,,,,,,,,,,,,,,,,,,,,,,,Acacia aneura,19,1,,,,,,,,,,,,,,,,,,,,,,,,,,,,,,,Acacia aneura,1,14,,,,,,,,,,,,,,,,,,,,,,,,,,,,,,
,ubr07a,8/28/2013 14:20,53,360737.6405,7145671.037,,,,,7,,,,,,,,,,,,,,,,,,,,,,,,,,,,,,,,,,,,,,,,,,,,,,,,,,,,,,,,,,,,,,,,,,,,,,,,,,,,,,,,,,,,,,,,,,,,,,,,,,,,,,,,,,,,,,,,,,,,,,,,,,,,,,,,,,,,,,,,,,,,,,,,,,,,,,,,,,,,,,,,,,,,,,,,,,,,,,,,,,,,,,,,,,,,,,,,,,,,,,,,,,,,,,,,,,,,,,,,,,,,,,,,,,,,,,,
,ubr08a,8/29/2013 9:16,53,347937,7145908,,,,0.1,7,Hakea lorea,4,0,,,,,,,,,,,,,,,,,,,,,,,,,,,,,,,Hakea lorea,2,0,,,,,,,,,,,,,,,,,,,,,,,,,,,,,,,Hakea lorea,2,0,Acacia aneura,0,2,,,,,,,,,,,,,,,,,,,,,,,,,,,,Hakea lorea,2,0,,,,,,,,,,,,,,,,,,,,,,,,,,,,,,,Hakea lorea,3,0,,,,,,,,,,,,,,,,,,,,,,,,,,,,,,,Hakea lorea,3,0,,,,,,,,,,,,,,,,,,,,,,,,,,,,,,,,,,,,,,,,,,,,,,,,,,,,,,,,,,,,,,,
,ubr10a,8/30/2013 12:21,53,309246.5928,7144561.706,,,,0.1,7,Acacia aneura,1,0,,,,,,,,,,,,,,,,,,,,,,,,,,,,,,,Acacia aneura,7,0,,,,,,,,,,,,,,,,,,,,,,,,,,,,,,,Acacia aneura,8,1,,,,,,,,,,,,,,,,,,,,,,,,,,,,,,,Acacia aneura,4,1,,,,,,,,,,,,,,,,,,,,,,,,,,,,,,,Acacia aneura,6,0,,,,,,,,,,,,,,,,,,,,,,,,,,,,,,,Acacia aneura,14,2,,,,,,,,,,,,,,,,,,,,,,,,,,,,,,,Acacia aneura,6,1,,,,,,,,,,,,,,,,,,,,,,,,,,,,,,
,ubr11a,8/30/2013 9:46,53,321258.4817,7142070.866,,,,0.1,7,Acacia aneura,8,1,,,,,,,,,,,,,,,,,,,,,,,,,,,,,,,Acacia aneura,36,3,,,,,,,,,,,,,,,,,,,,,,,,,,,,,,,Acacia aneura,12,1,,,,,,,,,,,,,,,,,,,,,,,,,,,,,,,Acacia aneura,6,0,,,,,,,,,,,,,,,,,,,,,,,,,,,,,,,Acacia aneura,5,3,,,,,,,,,,,,,,,,,,,,,,,,,,,,,,,Acacia aneura,9,1,,,,,,,,,,,,,,,,,,,,,,,,,,,,,,,Acacia aneura,9,3,,,,,,,,,,,,,,,,,,,,,,,,,,,,,,
,ubr12,8/29/2013 15:24,53,340363.5342,7146997.882,,,,0.1,7,Acacia aneura,4,3,Hakea lorea,2,0,,,,,,,,,,,,,,,,,,,,,,,,,,,,Acacia aneura,4,1,Hakea lorea,2,0,,,,,,,,,,,,,,,,,,,,,,,,,,,,Acacia aneura,6,4,Acacia kempeana,22,0,,,,,,,,,,,,,,,,,,,,,,,,,,,,Acacia aneura,2,0,Hakea lorea,1,0,,,,,,,,,,,,,,,,,,,,,,,,,,,,Acacia aneura,1,0,Hakea lorea,0,3,,,,,,,,,,,,,,,,,,,,,,,,,,,,Acacia aneura,5,0,Hakea lorea,1,0,,,,,,,,,,,,,,,,,,,,,,,,,,,,Acacia aneura,1,0,Hakea lorea,2,0,,,,,,,,,,,,,,,,,,,,,,,,,,,
,udl02a,10/07/2013,53,414955.7233,7386301.477,,,,0.1,7,Acacia kempeana,0,1,Hakea lorea,4,0,,,,,,,,,,,,,,,,,,,,,,,,,,,,Iron wood,0,2,,,,,,,,,,,,,,,,,,,,,,,,,,,,,,,Acacia aneura,0,1,Corymbia opaca,1,0,,,,,,,,,,,,,,,,,,,,,,,,,,,,Hakea lorea ,1,0,,,,,,,,,,,,,,,,,,,,,,,,,,,,,,,Corymbia opaca,1,0,,,,,,,,,,,,,,,,,,,,,,,,,,,,,,,Hakia loria,2,0,,,,,,,,,,,,,,,,,,,,,,,,,,,,,,,Ironwood,0,8,Corymbia opaca,2,0,,,,,,,,,,,,,,,,,,,,,,,,,,,
,udl12a,10/08/2013,53,430431.1764,7370556.468,,,,0.1,7,Ironwood,8,3,Hakea divaricata,1,0,,,,,,,,,,,,,,,,,,,,,,,,,,,,Ironwood,1,1,Hakea divaricata,1,0,,,,,,,,,,,,,,,,,,,,,,,,,,,,Ironwood,2,0,,,,,,,,,,,,,,,,,,,,,,,,,,,,,,,Ironwood,2,0,Hakea divaricata,1,1,,,,,,,,,,,,,,,,,,,,,,,,,,,,Ironwood,3,1,Hakea divaricata,9,0,Acacia tetragonophylla,6,0,,,,,,,,,,,,,,,,,,,,,,,,,Ironwood,1,0,Hakea divaricata,9,0,Acacia tetragonophylla,2,0,,,,,,,,,,,,,,,,,,,,,,,,,Ironwood,4,1,Hakea divaricata,3,0,,,,,,,,,,,,,,,,,,,,,,,,,,,
